Date,scientist,rep,primary,secondary_dose,vial,day,status,alive3,X0.hour,X10.hour,log10_10hour,bin_primary,bin_alive3
6/22/2018,Frank,3,01_PBS,0.001,2,2,1,FALSE,24.4,29150,4.464639,0,0
6/22/2018,Frank,3,01_PBS,0.001,2,2,1,FALSE,24.4,29150,4.464639,0,0
6/22/2018,Frank,3,01_PBS,0.001,2,2,1,FALSE,24.4,29150,4.464639,0,0
6/22/2018,Frank,3,01_PBS,0.001,2,5,0,TRUE,24.4,29150,4.464639,0,1
6/22/2018,Frank,3,01_PBS,0.001,2,5,0,TRUE,24.4,29150,4.464639,0,1
6/22/2018,Frank,3,01_PBS,0.001,2,5,0,TRUE,24.4,29150,4.464639,0,1
6/22/2018,Frank,3,01_PBS,0.001,2,5,0,TRUE,24.4,29150,4.464639,0,1
6/22/2018,Frank,3,01_PBS,0.001,2,5,0,TRUE,24.4,29150,4.464639,0,1
6/22/2018,Frank,3,01_PBS,0.001,2,5,0,TRUE,24.4,29150,4.464639,0,1
6/22/2018,Frank,3,01_PBS,0.001,2,5,0,TRUE,24.4,29150,4.464639,0,1
6/22/2018,Frank,3,01_PBS,0.001,3,1,1,FALSE,24.4,29150,4.464639,0,0
6/22/2018,Frank,3,01_PBS,0.001,3,2,1,FALSE,24.4,29150,4.464639,0,0
6/22/2018,Frank,3,01_PBS,0.001,3,2,1,FALSE,24.4,29150,4.464639,0,0
6/22/2018,Frank,3,01_PBS,0.001,3,2,1,FALSE,24.4,29150,4.464639,0,0
6/22/2018,Frank,3,01_PBS,0.001,3,2,1,FALSE,24.4,29150,4.464639,0,0
6/22/2018,Frank,3,01_PBS,0.001,3,2,1,FALSE,24.4,29150,4.464639,0,0
6/22/2018,Frank,3,01_PBS,0.001,3,5,0,TRUE,24.4,29150,4.464639,0,1
6/22/2018,Frank,3,01_PBS,0.001,3,5,0,TRUE,24.4,29150,4.464639,0,1
6/22/2018,Frank,3,01_PBS,0.001,3,5,0,TRUE,24.4,29150,4.464639,0,1
6/22/2018,Frank,3,01_PBS,0.001,4,1,1,FALSE,24.4,29150,4.464639,0,0
6/22/2018,Frank,3,01_PBS,0.001,4,2,1,FALSE,24.4,29150,4.464639,0,0
6/22/2018,Frank,3,01_PBS,0.001,4,2,1,FALSE,24.4,29150,4.464639,0,0
6/22/2018,Frank,3,01_PBS,0.001,4,2,1,FALSE,24.4,29150,4.464639,0,0
6/22/2018,Frank,3,01_PBS,0.001,4,5,0,TRUE,24.4,29150,4.464639,0,1
6/22/2018,Frank,3,01_PBS,0.001,4,5,0,TRUE,24.4,29150,4.464639,0,1
6/22/2018,Frank,3,01_PBS,0.001,4,5,0,TRUE,24.4,29150,4.464639,0,1
6/22/2018,Frank,3,01_PBS,0.001,4,5,0,TRUE,24.4,29150,4.464639,0,1
6/22/2018,Frank,3,01_PBS,0.001,4,5,0,TRUE,24.4,29150,4.464639,0,1
6/22/2018,Frank,3,01_PBS,0.01,5,1,1,FALSE,261,118000,5.071882,0,0
6/22/2018,Frank,3,01_PBS,0.01,5,1,1,FALSE,261,118000,5.071882,0,0
6/22/2018,Frank,3,01_PBS,0.01,5,1,1,FALSE,261,118000,5.071882,0,0
6/22/2018,Frank,3,01_PBS,0.01,5,2,1,FALSE,261,118000,5.071882,0,0
6/22/2018,Frank,3,01_PBS,0.01,5,2,1,FALSE,261,118000,5.071882,0,0
6/22/2018,Frank,3,01_PBS,0.01,5,5,0,TRUE,261,118000,5.071882,0,1
6/22/2018,Frank,3,01_PBS,0.01,5,5,0,TRUE,261,118000,5.071882,0,1
6/22/2018,Frank,3,01_PBS,0.01,5,5,0,TRUE,261,118000,5.071882,0,1
6/22/2018,Frank,3,01_PBS,0.01,5,5,0,TRUE,261,118000,5.071882,0,1
6/22/2018,Frank,3,01_PBS,0.01,5,5,0,TRUE,261,118000,5.071882,0,1
6/22/2018,Frank,3,01_PBS,0.01,7,1,1,FALSE,261,118000,5.071882,0,0
6/22/2018,Frank,3,01_PBS,0.01,7,1,1,FALSE,261,118000,5.071882,0,0
6/22/2018,Frank,3,01_PBS,0.01,7,1,1,FALSE,261,118000,5.071882,0,0
6/22/2018,Frank,3,01_PBS,0.01,7,1,1,FALSE,261,118000,5.071882,0,0
6/22/2018,Frank,3,01_PBS,0.01,7,2,1,FALSE,261,118000,5.071882,0,0
6/22/2018,Frank,3,01_PBS,0.01,7,2,1,FALSE,261,118000,5.071882,0,0
6/22/2018,Frank,3,01_PBS,0.01,7,2,1,FALSE,261,118000,5.071882,0,0
6/22/2018,Frank,3,01_PBS,0.01,7,2,1,FALSE,261,118000,5.071882,0,0
6/22/2018,Frank,3,01_PBS,0.1,9,1,1,FALSE,1567.333,1322500,6.121396,0,0
6/22/2018,Frank,3,01_PBS,0.1,9,1,1,FALSE,1567.333,1322500,6.121396,0,0
6/22/2018,Frank,3,01_PBS,0.1,9,1,1,FALSE,1567.333,1322500,6.121396,0,0
6/22/2018,Frank,3,01_PBS,0.1,9,1,1,FALSE,1567.333,1322500,6.121396,0,0
6/22/2018,Frank,3,01_PBS,0.1,9,1,1,FALSE,1567.333,1322500,6.121396,0,0
6/22/2018,Frank,3,01_PBS,0.1,9,1,1,FALSE,1567.333,1322500,6.121396,0,0
6/22/2018,Frank,3,01_PBS,0.1,9,1,1,FALSE,1567.333,1322500,6.121396,0,0
6/22/2018,Frank,3,01_PBS,0.1,9,2,1,FALSE,1567.333,1322500,6.121396,0,0
6/22/2018,Frank,3,01_PBS,0.1,9,5,0,TRUE,1567.333,1322500,6.121396,0,1
6/22/2018,Frank,3,01_PBS,0.1,9,5,0,TRUE,1567.333,1322500,6.121396,0,1
6/22/2018,Frank,3,01_PBS,0.1,10,1,1,FALSE,1567.333,1322500,6.121396,0,0
6/22/2018,Frank,3,01_PBS,0.1,10,1,1,FALSE,1567.333,1322500,6.121396,0,0
6/22/2018,Frank,3,01_PBS,0.1,10,1,1,FALSE,1567.333,1322500,6.121396,0,0
6/22/2018,Frank,3,01_PBS,0.1,10,1,1,FALSE,1567.333,1322500,6.121396,0,0
6/22/2018,Frank,3,01_PBS,0.1,10,1,1,FALSE,1567.333,1322500,6.121396,0,0
6/22/2018,Frank,3,01_PBS,0.1,10,1,1,FALSE,1567.333,1322500,6.121396,0,0
6/22/2018,Frank,3,01_PBS,0.1,10,1,1,FALSE,1567.333,1322500,6.121396,0,0
6/22/2018,Frank,3,01_PBS,0.1,10,5,0,TRUE,1567.333,1322500,6.121396,0,1
6/22/2018,Frank,3,01_PBS,0.1,10,5,0,TRUE,1567.333,1322500,6.121396,0,1
6/22/2018,Frank,3,01_PBS,0.1,10,5,0,TRUE,1567.333,1322500,6.121396,0,1
6/22/2018,Frank,3,01_PBS,0.1,11,1,1,FALSE,1567.333,1322500,6.121396,0,0
6/22/2018,Frank,3,01_PBS,0.1,11,1,1,FALSE,1567.333,1322500,6.121396,0,0
6/22/2018,Frank,3,01_PBS,0.1,11,1,1,FALSE,1567.333,1322500,6.121396,0,0
6/22/2018,Frank,3,01_PBS,0.1,11,1,1,FALSE,1567.333,1322500,6.121396,0,0
6/22/2018,Frank,3,01_PBS,0.1,11,1,1,FALSE,1567.333,1322500,6.121396,0,0
6/22/2018,Frank,3,01_PBS,0.1,11,1,1,FALSE,1567.333,1322500,6.121396,0,0
6/22/2018,Frank,3,01_PBS,0.1,11,2,1,FALSE,1567.333,1322500,6.121396,0,0
6/22/2018,Frank,3,01_PBS,0.1,11,5,1,TRUE,1567.333,1322500,6.121396,0,1
6/22/2018,Frank,3,01_PBS,0.1,11,5,0,TRUE,1567.333,1322500,6.121396,0,1
6/22/2018,Frank,3,01_PBS,1,13,1,1,FALSE,6104.167,6207500,6.792917,0,0
6/22/2018,Frank,3,01_PBS,1,13,1,1,FALSE,6104.167,6207500,6.792917,0,0
6/22/2018,Frank,3,01_PBS,1,13,1,1,FALSE,6104.167,6207500,6.792917,0,0
6/22/2018,Frank,3,01_PBS,1,13,1,1,FALSE,6104.167,6207500,6.792917,0,0
6/22/2018,Frank,3,01_PBS,1,13,1,1,FALSE,6104.167,6207500,6.792917,0,0
6/22/2018,Frank,3,01_PBS,1,13,1,1,FALSE,6104.167,6207500,6.792917,0,0
6/22/2018,Frank,3,01_PBS,1,13,1,1,FALSE,6104.167,6207500,6.792917,0,0
6/22/2018,Frank,3,01_PBS,1,13,1,1,FALSE,6104.167,6207500,6.792917,0,0
6/22/2018,Frank,3,01_PBS,1,13,1,1,FALSE,6104.167,6207500,6.792917,0,0
6/22/2018,Frank,3,01_PBS,1,13,1,1,FALSE,6104.167,6207500,6.792917,0,0
6/22/2018,Frank,3,01_PBS,1,14,1,1,FALSE,6104.167,6207500,6.792917,0,0
6/22/2018,Frank,3,01_PBS,1,14,1,1,FALSE,6104.167,6207500,6.792917,0,0
6/22/2018,Frank,3,01_PBS,1,14,1,1,FALSE,6104.167,6207500,6.792917,0,0
6/22/2018,Frank,3,01_PBS,1,14,1,1,FALSE,6104.167,6207500,6.792917,0,0
6/22/2018,Frank,3,01_PBS,1,14,1,1,FALSE,6104.167,6207500,6.792917,0,0
6/22/2018,Frank,3,01_PBS,1,14,1,1,FALSE,6104.167,6207500,6.792917,0,0
6/22/2018,Frank,3,01_PBS,1,14,1,1,FALSE,6104.167,6207500,6.792917,0,0
6/22/2018,Frank,3,01_PBS,1,14,1,1,FALSE,6104.167,6207500,6.792917,0,0
6/22/2018,Frank,3,01_PBS,1,14,1,1,FALSE,6104.167,6207500,6.792917,0,0
6/22/2018,Frank,3,01_PBS,1,14,1,1,FALSE,6104.167,6207500,6.792917,0,0
6/22/2018,Frank,3,01_PBS,1,15,1,1,FALSE,6104.167,6207500,6.792917,0,0
6/22/2018,Frank,3,01_PBS,1,15,1,1,FALSE,6104.167,6207500,6.792917,0,0
6/22/2018,Frank,3,01_PBS,1,15,1,1,FALSE,6104.167,6207500,6.792917,0,0
6/22/2018,Frank,3,01_PBS,1,15,1,1,FALSE,6104.167,6207500,6.792917,0,0
6/22/2018,Frank,3,01_PBS,1,15,1,1,FALSE,6104.167,6207500,6.792917,0,0
6/22/2018,Frank,3,01_PBS,1,15,1,1,FALSE,6104.167,6207500,6.792917,0,0
6/22/2018,Frank,3,01_PBS,1,15,1,1,FALSE,6104.167,6207500,6.792917,0,0
6/22/2018,Frank,3,01_PBS,1,15,1,1,FALSE,6104.167,6207500,6.792917,0,0
6/22/2018,Frank,3,01_PBS,1,15,1,1,FALSE,6104.167,6207500,6.792917,0,0
6/22/2018,Frank,3,01_PBS,1,15,1,1,FALSE,6104.167,6207500,6.792917,0,0
6/22/2018,Frank,3,02_Ef,0.001,17,1,1,FALSE,16.5,7400,3.869232,1,0
6/22/2018,Frank,3,02_Ef,0.001,17,1,1,FALSE,16.5,7400,3.869232,1,0
6/22/2018,Frank,3,02_Ef,0.001,17,2,1,FALSE,16.5,7400,3.869232,1,0
6/22/2018,Frank,3,02_Ef,0.001,17,3,1,FALSE,16.5,7400,3.869232,1,0
6/22/2018,Frank,3,02_Ef,0.001,17,5,0,TRUE,16.5,7400,3.869232,1,1
6/22/2018,Frank,3,02_Ef,0.001,17,5,0,TRUE,16.5,7400,3.869232,1,1
6/22/2018,Frank,3,02_Ef,0.001,17,5,0,TRUE,16.5,7400,3.869232,1,1
6/22/2018,Frank,3,02_Ef,0.001,17,5,0,TRUE,16.5,7400,3.869232,1,1
6/22/2018,Frank,3,02_Ef,0.001,17,5,0,TRUE,16.5,7400,3.869232,1,1
6/22/2018,Frank,3,02_Ef,0.001,18,2,1,FALSE,16.5,7400,3.869232,1,0
6/22/2018,Frank,3,02_Ef,0.001,18,2,1,FALSE,16.5,7400,3.869232,1,0
6/22/2018,Frank,3,02_Ef,0.001,18,2,1,FALSE,16.5,7400,3.869232,1,0
6/22/2018,Frank,3,02_Ef,0.001,18,2,1,FALSE,16.5,7400,3.869232,1,0
6/22/2018,Frank,3,02_Ef,0.001,18,5,0,TRUE,16.5,7400,3.869232,1,1
6/22/2018,Frank,3,02_Ef,0.001,18,5,0,TRUE,16.5,7400,3.869232,1,1
6/22/2018,Frank,3,02_Ef,0.001,18,5,0,TRUE,16.5,7400,3.869232,1,1
6/22/2018,Frank,3,02_Ef,0.001,18,5,0,TRUE,16.5,7400,3.869232,1,1
6/22/2018,Frank,3,02_Ef,0.001,19,2,1,FALSE,16.5,7400,3.869232,1,0
6/22/2018,Frank,3,02_Ef,0.001,19,5,0,TRUE,16.5,7400,3.869232,1,1
6/22/2018,Frank,3,02_Ef,0.001,19,5,0,TRUE,16.5,7400,3.869232,1,1
6/22/2018,Frank,3,02_Ef,0.001,19,5,0,TRUE,16.5,7400,3.869232,1,1
6/22/2018,Frank,3,02_Ef,0.001,19,5,0,TRUE,16.5,7400,3.869232,1,1
6/22/2018,Frank,3,02_Ef,0.001,19,5,0,TRUE,16.5,7400,3.869232,1,1
6/22/2018,Frank,3,02_Ef,0.001,19,5,0,TRUE,16.5,7400,3.869232,1,1
6/22/2018,Frank,3,02_Ef,0.001,19,5,0,TRUE,16.5,7400,3.869232,1,1
6/22/2018,Frank,3,02_Ef,0.001,19,5,0,TRUE,16.5,7400,3.869232,1,1
6/22/2018,Frank,3,02_Ef,0.001,20,2,1,FALSE,16.5,7400,3.869232,1,0
6/22/2018,Frank,3,02_Ef,0.001,20,2,1,FALSE,16.5,7400,3.869232,1,0
6/22/2018,Frank,3,02_Ef,0.001,20,5,0,TRUE,16.5,7400,3.869232,1,1
6/22/2018,Frank,3,02_Ef,0.001,20,5,0,TRUE,16.5,7400,3.869232,1,1
6/22/2018,Frank,3,02_Ef,0.001,20,5,0,TRUE,16.5,7400,3.869232,1,1
6/22/2018,Frank,3,02_Ef,0.001,20,5,0,TRUE,16.5,7400,3.869232,1,1
6/22/2018,Frank,3,02_Ef,0.001,20,5,0,TRUE,16.5,7400,3.869232,1,1
6/22/2018,Frank,3,02_Ef,0.01,22,1,1,FALSE,261,98333.25,4.9927,1,0
6/22/2018,Frank,3,02_Ef,0.01,22,1,1,FALSE,261,98333.25,4.9927,1,0
6/22/2018,Frank,3,02_Ef,0.01,22,2,1,FALSE,261,98333.25,4.9927,1,0
6/22/2018,Frank,3,02_Ef,0.01,22,2,1,FALSE,261,98333.25,4.9927,1,0
6/22/2018,Frank,3,02_Ef,0.01,22,5,1,TRUE,261,98333.25,4.9927,1,1
6/22/2018,Frank,3,02_Ef,0.01,22,5,0,TRUE,261,98333.25,4.9927,1,1
6/22/2018,Frank,3,02_Ef,0.01,22,5,0,TRUE,261,98333.25,4.9927,1,1
6/22/2018,Frank,3,02_Ef,0.01,22,5,0,TRUE,261,98333.25,4.9927,1,1
6/22/2018,Frank,3,02_Ef,0.01,22,5,0,TRUE,261,98333.25,4.9927,1,1
6/22/2018,Frank,3,02_Ef,0.01,23,2,1,FALSE,261,98333.25,4.9927,1,0
6/22/2018,Frank,3,02_Ef,0.01,23,5,0,TRUE,261,98333.25,4.9927,1,1
6/22/2018,Frank,3,02_Ef,0.01,23,5,0,TRUE,261,98333.25,4.9927,1,1
6/22/2018,Frank,3,02_Ef,0.01,23,5,0,TRUE,261,98333.25,4.9927,1,1
6/22/2018,Frank,3,02_Ef,0.01,23,5,0,TRUE,261,98333.25,4.9927,1,1
6/22/2018,Frank,3,02_Ef,0.01,23,5,0,TRUE,261,98333.25,4.9927,1,1
6/22/2018,Frank,3,02_Ef,0.01,23,5,0,TRUE,261,98333.25,4.9927,1,1
6/22/2018,Frank,3,02_Ef,0.01,23,5,0,TRUE,261,98333.25,4.9927,1,1
6/22/2018,Frank,3,02_Ef,0.01,23,5,0,TRUE,261,98333.25,4.9927,1,1
6/22/2018,Frank,3,02_Ef,0.1,25,1,1,FALSE,1567.333,958250,5.981479,1,0
6/22/2018,Frank,3,02_Ef,0.1,25,1,1,FALSE,1567.333,958250,5.981479,1,0
6/22/2018,Frank,3,02_Ef,0.1,25,1,1,FALSE,1567.333,958250,5.981479,1,0
6/22/2018,Frank,3,02_Ef,0.1,25,2,1,FALSE,1567.333,958250,5.981479,1,0
6/22/2018,Frank,3,02_Ef,0.1,25,2,1,FALSE,1567.333,958250,5.981479,1,0
6/22/2018,Frank,3,02_Ef,0.1,25,5,0,TRUE,1567.333,958250,5.981479,1,1
6/22/2018,Frank,3,02_Ef,0.1,25,5,0,TRUE,1567.333,958250,5.981479,1,1
6/22/2018,Frank,3,02_Ef,0.1,25,5,0,TRUE,1567.333,958250,5.981479,1,1
6/22/2018,Frank,3,02_Ef,0.1,25,5,0,TRUE,1567.333,958250,5.981479,1,1
6/22/2018,Frank,3,02_Ef,0.1,26,1,1,FALSE,1567.333,958250,5.981479,1,0
6/22/2018,Frank,3,02_Ef,0.1,26,2,1,FALSE,1567.333,958250,5.981479,1,0
6/22/2018,Frank,3,02_Ef,0.1,26,3,1,FALSE,1567.333,958250,5.981479,1,0
6/22/2018,Frank,3,02_Ef,0.1,26,5,0,TRUE,1567.333,958250,5.981479,1,1
6/22/2018,Frank,3,02_Ef,0.1,26,5,0,TRUE,1567.333,958250,5.981479,1,1
6/22/2018,Frank,3,02_Ef,0.1,26,5,0,TRUE,1567.333,958250,5.981479,1,1
6/22/2018,Frank,3,02_Ef,0.1,26,5,0,TRUE,1567.333,958250,5.981479,1,1
6/22/2018,Frank,3,02_Ef,0.1,26,5,0,TRUE,1567.333,958250,5.981479,1,1
6/22/2018,Frank,3,02_Ef,0.1,26,5,0,TRUE,1567.333,958250,5.981479,1,1
6/22/2018,Frank,3,02_Ef,0.1,26,5,0,TRUE,1567.333,958250,5.981479,1,1
6/22/2018,Frank,3,02_Ef,1,27,1,1,FALSE,5488,1347250,6.129448,1,0
6/22/2018,Frank,3,02_Ef,1,27,1,1,FALSE,5488,1347250,6.129448,1,0
6/22/2018,Frank,3,02_Ef,1,27,1,1,FALSE,5488,1347250,6.129448,1,0
6/22/2018,Frank,3,02_Ef,1,27,1,1,FALSE,5488,1347250,6.129448,1,0
6/22/2018,Frank,3,02_Ef,1,27,1,1,FALSE,5488,1347250,6.129448,1,0
6/22/2018,Frank,3,02_Ef,1,27,1,1,FALSE,5488,1347250,6.129448,1,0
6/22/2018,Frank,3,02_Ef,1,27,1,1,FALSE,5488,1347250,6.129448,1,0
6/22/2018,Frank,3,02_Ef,1,27,1,1,FALSE,5488,1347250,6.129448,1,0
6/22/2018,Frank,3,02_Ef,1,27,5,0,TRUE,5488,1347250,6.129448,1,1
6/22/2018,Frank,3,02_Ef,1,27,5,0,TRUE,5488,1347250,6.129448,1,1
6/22/2018,Frank,3,02_Ef,1,28,1,1,FALSE,5488,1347250,6.129448,1,0
6/22/2018,Frank,3,02_Ef,1,28,1,1,FALSE,5488,1347250,6.129448,1,0
6/22/2018,Frank,3,02_Ef,1,28,1,1,FALSE,5488,1347250,6.129448,1,0
6/22/2018,Frank,3,02_Ef,1,28,1,1,FALSE,5488,1347250,6.129448,1,0
6/22/2018,Frank,3,02_Ef,1,28,1,1,FALSE,5488,1347250,6.129448,1,0
6/22/2018,Frank,3,02_Ef,1,28,1,1,FALSE,5488,1347250,6.129448,1,0
6/22/2018,Frank,3,02_Ef,1,28,1,1,FALSE,5488,1347250,6.129448,1,0
6/22/2018,Frank,3,02_Ef,1,28,3,1,FALSE,5488,1347250,6.129448,1,0
6/22/2018,Frank,3,02_Ef,1,28,3,1,FALSE,5488,1347250,6.129448,1,0
6/22/2018,Frank,3,02_Ef,1,28,5,0,TRUE,5488,1347250,6.129448,1,1
6/22/2018,Frank,3,02_Ef,1,30,1,1,FALSE,5488,1347250,6.129448,1,0
6/22/2018,Frank,3,02_Ef,1,30,1,1,FALSE,5488,1347250,6.129448,1,0
6/22/2018,Frank,3,02_Ef,1,30,1,1,FALSE,5488,1347250,6.129448,1,0
6/22/2018,Frank,3,02_Ef,1,30,1,1,FALSE,5488,1347250,6.129448,1,0
6/22/2018,Frank,3,02_Ef,1,30,1,1,FALSE,5488,1347250,6.129448,1,0
6/22/2018,Frank,3,02_Ef,1,30,1,1,FALSE,5488,1347250,6.129448,1,0
6/22/2018,Frank,3,02_Ef,1,30,1,1,FALSE,5488,1347250,6.129448,1,0
6/22/2018,Frank,3,02_Ef,1,30,1,1,FALSE,5488,1347250,6.129448,1,0
6/22/2018,Frank,3,02_Ef,1,30,1,1,FALSE,5488,1347250,6.129448,1,0
6/25/2018,Frank,4,01_PBS,0.001,2,1,1,FALSE,48.4,34385,4.536369,0,0
6/25/2018,Frank,4,01_PBS,0.001,2,1,1,FALSE,48.4,34385,4.536369,0,0
6/25/2018,Frank,4,01_PBS,0.001,2,1,1,FALSE,48.4,34385,4.536369,0,0
6/25/2018,Frank,4,01_PBS,0.001,2,1,1,FALSE,48.4,34385,4.536369,0,0
6/25/2018,Frank,4,01_PBS,0.001,2,2,1,FALSE,48.4,34385,4.536369,0,0
6/25/2018,Frank,4,01_PBS,0.001,2,2,1,FALSE,48.4,34385,4.536369,0,0
6/25/2018,Frank,4,01_PBS,0.001,2,5,0,TRUE,48.4,34385,4.536369,0,1
6/25/2018,Frank,4,01_PBS,0.001,2,5,0,TRUE,48.4,34385,4.536369,0,1
6/25/2018,Frank,4,01_PBS,0.001,3,1,1,FALSE,48.4,34385,4.536369,0,0
6/25/2018,Frank,4,01_PBS,0.001,3,1,1,FALSE,48.4,34385,4.536369,0,0
6/25/2018,Frank,4,01_PBS,0.001,3,1,1,FALSE,48.4,34385,4.536369,0,0
6/25/2018,Frank,4,01_PBS,0.001,3,1,1,FALSE,48.4,34385,4.536369,0,0
6/25/2018,Frank,4,01_PBS,0.001,3,1,1,FALSE,48.4,34385,4.536369,0,0
6/25/2018,Frank,4,01_PBS,0.001,3,2,1,FALSE,48.4,34385,4.536369,0,0
6/25/2018,Frank,4,01_PBS,0.001,3,5,0,TRUE,48.4,34385,4.536369,0,1
6/25/2018,Frank,4,01_PBS,0.001,3,5,0,TRUE,48.4,34385,4.536369,0,1
6/25/2018,Frank,4,01_PBS,0.001,4,1,1,FALSE,48.4,34385,4.536369,0,0
6/25/2018,Frank,4,01_PBS,0.001,4,1,1,FALSE,48.4,34385,4.536369,0,0
6/25/2018,Frank,4,01_PBS,0.001,4,1,1,FALSE,48.4,34385,4.536369,0,0
6/25/2018,Frank,4,01_PBS,0.001,4,1,1,FALSE,48.4,34385,4.536369,0,0
6/25/2018,Frank,4,01_PBS,0.001,4,1,1,FALSE,48.4,34385,4.536369,0,0
6/25/2018,Frank,4,01_PBS,0.001,4,1,1,FALSE,48.4,34385,4.536369,0,0
6/25/2018,Frank,4,01_PBS,0.001,4,5,0,TRUE,48.4,34385,4.536369,0,1
6/25/2018,Frank,4,01_PBS,0.001,4,5,0,TRUE,48.4,34385,4.536369,0,1
6/25/2018,Frank,4,01_PBS,0.001,4,5,0,TRUE,48.4,34385,4.536369,0,1
6/25/2018,Frank,4,01_PBS,0.01,6,1,1,FALSE,235,442000,5.645422,0,0
6/25/2018,Frank,4,01_PBS,0.01,6,1,1,FALSE,235,442000,5.645422,0,0
6/25/2018,Frank,4,01_PBS,0.01,6,1,1,FALSE,235,442000,5.645422,0,0
6/25/2018,Frank,4,01_PBS,0.01,6,1,1,FALSE,235,442000,5.645422,0,0
6/25/2018,Frank,4,01_PBS,0.01,6,2,1,FALSE,235,442000,5.645422,0,0
6/25/2018,Frank,4,01_PBS,0.01,6,5,0,TRUE,235,442000,5.645422,0,1
6/25/2018,Frank,4,01_PBS,0.01,6,5,0,TRUE,235,442000,5.645422,0,1
6/25/2018,Frank,4,01_PBS,0.01,6,5,0,TRUE,235,442000,5.645422,0,1
6/25/2018,Frank,4,01_PBS,0.01,7,1,1,FALSE,235,442000,5.645422,0,0
6/25/2018,Frank,4,01_PBS,0.01,7,1,1,FALSE,235,442000,5.645422,0,0
6/25/2018,Frank,4,01_PBS,0.01,7,1,1,FALSE,235,442000,5.645422,0,0
6/25/2018,Frank,4,01_PBS,0.01,7,1,1,FALSE,235,442000,5.645422,0,0
6/25/2018,Frank,4,01_PBS,0.01,7,1,1,FALSE,235,442000,5.645422,0,0
6/25/2018,Frank,4,01_PBS,0.01,7,1,1,FALSE,235,442000,5.645422,0,0
6/25/2018,Frank,4,01_PBS,0.01,7,5,0,TRUE,235,442000,5.645422,0,1
6/25/2018,Frank,4,01_PBS,0.01,7,5,0,TRUE,235,442000,5.645422,0,1
6/25/2018,Frank,4,01_PBS,0.01,7,5,0,TRUE,235,442000,5.645422,0,1
6/25/2018,Frank,4,01_PBS,0.01,8,1,1,FALSE,235,442000,5.645422,0,0
6/25/2018,Frank,4,01_PBS,0.01,8,1,1,FALSE,235,442000,5.645422,0,0
6/25/2018,Frank,4,01_PBS,0.01,8,1,1,FALSE,235,442000,5.645422,0,0
6/25/2018,Frank,4,01_PBS,0.01,8,1,1,FALSE,235,442000,5.645422,0,0
6/25/2018,Frank,4,01_PBS,0.01,8,1,1,FALSE,235,442000,5.645422,0,0
6/25/2018,Frank,4,01_PBS,0.01,8,1,1,FALSE,235,442000,5.645422,0,0
6/25/2018,Frank,4,01_PBS,0.01,8,1,1,FALSE,235,442000,5.645422,0,0
6/25/2018,Frank,4,01_PBS,0.01,8,5,1,TRUE,235,442000,5.645422,0,1
6/25/2018,Frank,4,01_PBS,0.01,8,5,1,TRUE,235,442000,5.645422,0,1
6/25/2018,Frank,4,01_PBS,0.01,8,5,1,TRUE,235,442000,5.645422,0,1
6/25/2018,Frank,4,01_PBS,0.1,10,1,1,FALSE,2202.333,4126667,6.615599,0,0
6/25/2018,Frank,4,01_PBS,0.1,10,1,1,FALSE,2202.333,4126667,6.615599,0,0
6/25/2018,Frank,4,01_PBS,0.1,10,1,1,FALSE,2202.333,4126667,6.615599,0,0
6/25/2018,Frank,4,01_PBS,0.1,10,1,1,FALSE,2202.333,4126667,6.615599,0,0
6/25/2018,Frank,4,01_PBS,0.1,10,1,1,FALSE,2202.333,4126667,6.615599,0,0
6/25/2018,Frank,4,01_PBS,0.1,10,1,1,FALSE,2202.333,4126667,6.615599,0,0
6/25/2018,Frank,4,01_PBS,0.1,10,2,1,FALSE,2202.333,4126667,6.615599,0,0
6/25/2018,Frank,4,01_PBS,0.1,10,5,0,TRUE,2202.333,4126667,6.615599,0,1
6/25/2018,Frank,4,01_PBS,0.1,10,5,0,TRUE,2202.333,4126667,6.615599,0,1
6/25/2018,Frank,4,01_PBS,0.1,11,1,1,FALSE,2202.333,4126667,6.615599,0,0
6/25/2018,Frank,4,01_PBS,0.1,11,1,1,FALSE,2202.333,4126667,6.615599,0,0
6/25/2018,Frank,4,01_PBS,0.1,11,1,1,FALSE,2202.333,4126667,6.615599,0,0
6/25/2018,Frank,4,01_PBS,0.1,11,1,1,FALSE,2202.333,4126667,6.615599,0,0
6/25/2018,Frank,4,01_PBS,0.1,11,1,1,FALSE,2202.333,4126667,6.615599,0,0
6/25/2018,Frank,4,01_PBS,0.1,11,1,1,FALSE,2202.333,4126667,6.615599,0,0
6/25/2018,Frank,4,01_PBS,0.1,11,2,1,FALSE,2202.333,4126667,6.615599,0,0
6/25/2018,Frank,4,01_PBS,0.1,11,5,0,TRUE,2202.333,4126667,6.615599,0,1
6/25/2018,Frank,4,01_PBS,0.1,11,5,0,TRUE,2202.333,4126667,6.615599,0,1
6/25/2018,Frank,4,01_PBS,0.1,11,5,0,TRUE,2202.333,4126667,6.615599,0,1
6/25/2018,Frank,4,01_PBS,0.1,12,1,1,FALSE,2202.333,4126667,6.615599,0,0
6/25/2018,Frank,4,01_PBS,0.1,12,1,1,FALSE,2202.333,4126667,6.615599,0,0
6/25/2018,Frank,4,01_PBS,0.1,12,1,1,FALSE,2202.333,4126667,6.615599,0,0
6/25/2018,Frank,4,01_PBS,0.1,12,1,1,FALSE,2202.333,4126667,6.615599,0,0
6/25/2018,Frank,4,01_PBS,0.1,12,1,1,FALSE,2202.333,4126667,6.615599,0,0
6/25/2018,Frank,4,01_PBS,0.1,12,1,1,FALSE,2202.333,4126667,6.615599,0,0
6/25/2018,Frank,4,01_PBS,0.1,12,1,1,FALSE,2202.333,4126667,6.615599,0,0
6/25/2018,Frank,4,01_PBS,0.1,12,5,0,TRUE,2202.333,4126667,6.615599,0,1
6/25/2018,Frank,4,01_PBS,0.1,12,5,0,TRUE,2202.333,4126667,6.615599,0,1
6/25/2018,Frank,4,01_PBS,0.1,12,5,0,TRUE,2202.333,4126667,6.615599,0,1
6/25/2018,Frank,4,01_PBS,1,13,1,1,FALSE,6521.167,7350000,6.866287,0,0
6/25/2018,Frank,4,01_PBS,1,13,1,1,FALSE,6521.167,7350000,6.866287,0,0
6/25/2018,Frank,4,01_PBS,1,13,1,1,FALSE,6521.167,7350000,6.866287,0,0
6/25/2018,Frank,4,01_PBS,1,13,1,1,FALSE,6521.167,7350000,6.866287,0,0
6/25/2018,Frank,4,01_PBS,1,13,1,1,FALSE,6521.167,7350000,6.866287,0,0
6/25/2018,Frank,4,01_PBS,1,13,1,1,FALSE,6521.167,7350000,6.866287,0,0
6/25/2018,Frank,4,01_PBS,1,13,1,1,FALSE,6521.167,7350000,6.866287,0,0
6/25/2018,Frank,4,01_PBS,1,13,1,1,FALSE,6521.167,7350000,6.866287,0,0
6/25/2018,Frank,4,01_PBS,1,13,1,1,FALSE,6521.167,7350000,6.866287,0,0
6/25/2018,Frank,4,01_PBS,1,13,5,0,TRUE,6521.167,7350000,6.866287,0,1
6/25/2018,Frank,4,01_PBS,1,14,1,1,FALSE,6521.167,7350000,6.866287,0,0
6/25/2018,Frank,4,01_PBS,1,14,1,1,FALSE,6521.167,7350000,6.866287,0,0
6/25/2018,Frank,4,01_PBS,1,14,1,1,FALSE,6521.167,7350000,6.866287,0,0
6/25/2018,Frank,4,01_PBS,1,14,1,1,FALSE,6521.167,7350000,6.866287,0,0
6/25/2018,Frank,4,01_PBS,1,14,1,1,FALSE,6521.167,7350000,6.866287,0,0
6/25/2018,Frank,4,01_PBS,1,14,1,1,FALSE,6521.167,7350000,6.866287,0,0
6/25/2018,Frank,4,01_PBS,1,14,1,1,FALSE,6521.167,7350000,6.866287,0,0
6/25/2018,Frank,4,01_PBS,1,14,1,1,FALSE,6521.167,7350000,6.866287,0,0
6/25/2018,Frank,4,01_PBS,1,14,1,1,FALSE,6521.167,7350000,6.866287,0,0
6/25/2018,Frank,4,01_PBS,1,14,1,1,FALSE,6521.167,7350000,6.866287,0,0
6/25/2018,Frank,4,01_PBS,1,16,1,1,FALSE,6521.167,7350000,6.866287,0,0
6/25/2018,Frank,4,01_PBS,1,16,1,1,FALSE,6521.167,7350000,6.866287,0,0
6/25/2018,Frank,4,01_PBS,1,16,1,1,FALSE,6521.167,7350000,6.866287,0,0
6/25/2018,Frank,4,01_PBS,1,16,1,1,FALSE,6521.167,7350000,6.866287,0,0
6/25/2018,Frank,4,01_PBS,1,16,1,1,FALSE,6521.167,7350000,6.866287,0,0
6/25/2018,Frank,4,01_PBS,1,16,1,1,FALSE,6521.167,7350000,6.866287,0,0
6/25/2018,Frank,4,01_PBS,1,16,1,1,FALSE,6521.167,7350000,6.866287,0,0
6/25/2018,Frank,4,01_PBS,1,16,1,1,FALSE,6521.167,7350000,6.866287,0,0
6/25/2018,Frank,4,01_PBS,1,16,1,1,FALSE,6521.167,7350000,6.866287,0,0
6/25/2018,Frank,4,01_PBS,1,17,1,1,FALSE,6521.167,7350000,6.866287,0,0
6/25/2018,Frank,4,01_PBS,1,17,1,1,FALSE,6521.167,7350000,6.866287,0,0
6/25/2018,Frank,4,01_PBS,1,17,1,1,FALSE,6521.167,7350000,6.866287,0,0
6/25/2018,Frank,4,01_PBS,1,17,1,1,FALSE,6521.167,7350000,6.866287,0,0
6/25/2018,Frank,4,01_PBS,1,17,1,1,FALSE,6521.167,7350000,6.866287,0,0
6/25/2018,Frank,4,01_PBS,1,17,1,1,FALSE,6521.167,7350000,6.866287,0,0
6/25/2018,Frank,4,01_PBS,1,17,1,1,FALSE,6521.167,7350000,6.866287,0,0
6/25/2018,Frank,4,01_PBS,1,17,1,1,FALSE,6521.167,7350000,6.866287,0,0
6/25/2018,Frank,4,02_Ef,0.001,19,1,1,FALSE,48.4,46440.5,4.666897,1,0
6/25/2018,Frank,4,02_Ef,0.001,19,1,1,FALSE,48.4,46440.5,4.666897,1,0
6/25/2018,Frank,4,02_Ef,0.001,19,1,1,FALSE,48.4,46440.5,4.666897,1,0
6/25/2018,Frank,4,02_Ef,0.001,19,2,1,FALSE,48.4,46440.5,4.666897,1,0
6/25/2018,Frank,4,02_Ef,0.001,19,2,1,FALSE,48.4,46440.5,4.666897,1,0
6/25/2018,Frank,4,02_Ef,0.001,19,5,0,TRUE,48.4,46440.5,4.666897,1,1
6/25/2018,Frank,4,02_Ef,0.001,19,5,0,TRUE,48.4,46440.5,4.666897,1,1
6/25/2018,Frank,4,02_Ef,0.001,20,1,1,FALSE,48.4,46440.5,4.666897,1,0
6/25/2018,Frank,4,02_Ef,0.001,20,1,1,FALSE,48.4,46440.5,4.666897,1,0
6/25/2018,Frank,4,02_Ef,0.001,20,1,1,FALSE,48.4,46440.5,4.666897,1,0
6/25/2018,Frank,4,02_Ef,0.001,20,5,0,TRUE,48.4,46440.5,4.666897,1,1
6/25/2018,Frank,4,02_Ef,0.001,20,5,0,TRUE,48.4,46440.5,4.666897,1,1
6/25/2018,Frank,4,02_Ef,0.001,20,5,0,TRUE,48.4,46440.5,4.666897,1,1
6/25/2018,Frank,4,02_Ef,0.001,20,5,0,TRUE,48.4,46440.5,4.666897,1,1
6/25/2018,Frank,4,02_Ef,0.001,20,5,0,TRUE,48.4,46440.5,4.666897,1,1
6/25/2018,Frank,4,02_Ef,0.001,21,1,1,FALSE,48.4,46440.5,4.666897,1,0
6/25/2018,Frank,4,02_Ef,0.001,21,1,1,FALSE,48.4,46440.5,4.666897,1,0
6/25/2018,Frank,4,02_Ef,0.001,21,2,1,FALSE,48.4,46440.5,4.666897,1,0
6/25/2018,Frank,4,02_Ef,0.001,21,5,0,TRUE,48.4,46440.5,4.666897,1,1
6/25/2018,Frank,4,02_Ef,0.001,21,5,0,TRUE,48.4,46440.5,4.666897,1,1
6/25/2018,Frank,4,02_Ef,0.001,21,5,0,TRUE,48.4,46440.5,4.666897,1,1
6/25/2018,Frank,4,02_Ef,0.001,21,5,0,TRUE,48.4,46440.5,4.666897,1,1
6/25/2018,Frank,4,02_Ef,0.001,21,5,0,TRUE,48.4,46440.5,4.666897,1,1
6/25/2018,Frank,4,02_Ef,0.01,23,1,1,FALSE,235,68500,4.835691,1,0
6/25/2018,Frank,4,02_Ef,0.01,23,5,0,TRUE,235,68500,4.835691,1,1
6/25/2018,Frank,4,02_Ef,0.01,23,5,0,TRUE,235,68500,4.835691,1,1
6/25/2018,Frank,4,02_Ef,0.01,23,5,0,TRUE,235,68500,4.835691,1,1
6/25/2018,Frank,4,02_Ef,0.01,23,5,0,TRUE,235,68500,4.835691,1,1
6/25/2018,Frank,4,02_Ef,0.01,23,5,0,TRUE,235,68500,4.835691,1,1
6/25/2018,Frank,4,02_Ef,0.01,23,5,0,TRUE,235,68500,4.835691,1,1
6/25/2018,Frank,4,02_Ef,0.01,23,5,0,TRUE,235,68500,4.835691,1,1
6/25/2018,Frank,4,02_Ef,0.01,24,1,1,FALSE,235,68500,4.835691,1,0
6/25/2018,Frank,4,02_Ef,0.01,24,1,1,FALSE,235,68500,4.835691,1,0
6/25/2018,Frank,4,02_Ef,0.01,24,1,1,FALSE,235,68500,4.835691,1,0
6/25/2018,Frank,4,02_Ef,0.01,24,3,1,FALSE,235,68500,4.835691,1,0
6/25/2018,Frank,4,02_Ef,0.01,24,5,0,TRUE,235,68500,4.835691,1,1
6/25/2018,Frank,4,02_Ef,0.01,24,5,0,TRUE,235,68500,4.835691,1,1
6/25/2018,Frank,4,02_Ef,0.01,24,5,0,TRUE,235,68500,4.835691,1,1
6/25/2018,Frank,4,02_Ef,0.1,26,1,1,FALSE,2202.333,402000,5.604226,1,0
6/25/2018,Frank,4,02_Ef,0.1,26,1,1,FALSE,2202.333,402000,5.604226,1,0
6/25/2018,Frank,4,02_Ef,0.1,26,1,1,FALSE,2202.333,402000,5.604226,1,0
6/25/2018,Frank,4,02_Ef,0.1,26,1,1,FALSE,2202.333,402000,5.604226,1,0
6/25/2018,Frank,4,02_Ef,0.1,26,1,1,FALSE,2202.333,402000,5.604226,1,0
6/25/2018,Frank,4,02_Ef,0.1,26,1,1,FALSE,2202.333,402000,5.604226,1,0
6/25/2018,Frank,4,02_Ef,0.1,26,1,1,FALSE,2202.333,402000,5.604226,1,0
6/25/2018,Frank,4,02_Ef,0.1,26,3,1,FALSE,2202.333,402000,5.604226,1,0
6/25/2018,Frank,4,02_Ef,0.1,26,5,0,TRUE,2202.333,402000,5.604226,1,1
6/25/2018,Frank,4,02_Ef,0.1,27,1,1,FALSE,2202.333,402000,5.604226,1,0
6/25/2018,Frank,4,02_Ef,0.1,27,1,1,FALSE,2202.333,402000,5.604226,1,0
6/25/2018,Frank,4,02_Ef,0.1,27,1,1,FALSE,2202.333,402000,5.604226,1,0
6/25/2018,Frank,4,02_Ef,0.1,27,1,1,FALSE,2202.333,402000,5.604226,1,0
6/25/2018,Frank,4,02_Ef,0.1,27,1,1,FALSE,2202.333,402000,5.604226,1,0
6/25/2018,Frank,4,02_Ef,0.1,27,1,1,FALSE,2202.333,402000,5.604226,1,0
6/25/2018,Frank,4,02_Ef,0.1,27,1,1,FALSE,2202.333,402000,5.604226,1,0
6/25/2018,Frank,4,02_Ef,0.1,27,3,1,FALSE,2202.333,402000,5.604226,1,0
6/25/2018,Frank,4,02_Ef,0.1,27,5,0,TRUE,2202.333,402000,5.604226,1,1
6/25/2018,Frank,4,02_Ef,0.1,28,1,1,FALSE,2202.333,402000,5.604226,1,0
6/25/2018,Frank,4,02_Ef,0.1,28,3,1,FALSE,2202.333,402000,5.604226,1,0
6/25/2018,Frank,4,02_Ef,0.1,28,5,0,TRUE,2202.333,402000,5.604226,1,1
6/25/2018,Frank,4,02_Ef,0.1,28,5,0,TRUE,2202.333,402000,5.604226,1,1
6/25/2018,Frank,4,02_Ef,0.1,28,5,0,TRUE,2202.333,402000,5.604226,1,1
6/25/2018,Frank,4,02_Ef,0.1,28,5,0,TRUE,2202.333,402000,5.604226,1,1
6/25/2018,Frank,4,02_Ef,0.1,28,5,0,TRUE,2202.333,402000,5.604226,1,1
6/25/2018,Frank,4,02_Ef,1,31,1,1,FALSE,6521.167,7620000,6.881955,1,0
6/25/2018,Frank,4,02_Ef,1,31,1,1,FALSE,6521.167,7620000,6.881955,1,0
6/25/2018,Frank,4,02_Ef,1,31,1,1,FALSE,6521.167,7620000,6.881955,1,0
6/25/2018,Frank,4,02_Ef,1,31,1,1,FALSE,6521.167,7620000,6.881955,1,0
6/25/2018,Frank,4,02_Ef,1,31,1,1,FALSE,6521.167,7620000,6.881955,1,0
6/25/2018,Frank,4,02_Ef,1,31,1,1,FALSE,6521.167,7620000,6.881955,1,0
6/25/2018,Frank,4,02_Ef,1,31,1,1,FALSE,6521.167,7620000,6.881955,1,0
6/25/2018,Frank,4,02_Ef,1,31,1,1,FALSE,6521.167,7620000,6.881955,1,0
6/25/2018,Frank,4,02_Ef,1,31,1,1,FALSE,6521.167,7620000,6.881955,1,0
6/25/2018,Frank,4,02_Ef,1,31,1,1,FALSE,6521.167,7620000,6.881955,1,0
6/25/2018,Frank,4,02_Ef,1,33,1,1,FALSE,6521.167,7620000,6.881955,1,0
6/25/2018,Frank,4,02_Ef,1,33,1,1,FALSE,6521.167,7620000,6.881955,1,0
6/25/2018,Frank,4,02_Ef,1,33,1,1,FALSE,6521.167,7620000,6.881955,1,0
6/25/2018,Frank,4,02_Ef,1,33,1,1,FALSE,6521.167,7620000,6.881955,1,0
6/25/2018,Frank,4,02_Ef,1,33,1,1,FALSE,6521.167,7620000,6.881955,1,0
6/25/2018,Frank,4,02_Ef,1,33,1,1,FALSE,6521.167,7620000,6.881955,1,0
6/25/2018,Frank,4,02_Ef,1,33,1,1,FALSE,6521.167,7620000,6.881955,1,0
6/25/2018,Frank,4,02_Ef,1,33,1,1,FALSE,6521.167,7620000,6.881955,1,0
6/25/2018,Frank,4,02_Ef,1,33,5,0,TRUE,6521.167,7620000,6.881955,1,1
7/19/2018,Frank,IX/V,01_PBS,0.001,2,2,1,FALSE,32.5,3066.75,3.486678,0,0
7/19/2018,Frank,IX/V,01_PBS,0.001,2,2,1,FALSE,32.5,3066.75,3.486678,0,0
7/19/2018,Frank,IX/V,01_PBS,0.001,2,2,1,FALSE,32.5,3066.75,3.486678,0,0
7/19/2018,Frank,IX/V,01_PBS,0.001,2,3,0,TRUE,32.5,3066.75,3.486678,0,1
7/19/2018,Frank,IX/V,01_PBS,0.001,2,3,0,TRUE,32.5,3066.75,3.486678,0,1
7/19/2018,Frank,IX/V,01_PBS,0.001,2,3,0,TRUE,32.5,3066.75,3.486678,0,1
7/19/2018,Frank,IX/V,01_PBS,0.001,2,3,0,TRUE,32.5,3066.75,3.486678,0,1
7/19/2018,Frank,IX/V,01_PBS,0.001,2,3,0,TRUE,32.5,3066.75,3.486678,0,1
7/19/2018,Frank,IX/V,01_PBS,0.001,2,3,0,TRUE,32.5,3066.75,3.486678,0,1
7/19/2018,Frank,IX/V,01_PBS,0.01,4,2,1,FALSE,242.5,20100,4.303196,0,0
7/19/2018,Frank,IX/V,01_PBS,0.01,4,2,1,FALSE,242.5,20100,4.303196,0,0
7/19/2018,Frank,IX/V,01_PBS,0.01,4,2,1,FALSE,242.5,20100,4.303196,0,0
7/19/2018,Frank,IX/V,01_PBS,0.01,4,2,1,FALSE,242.5,20100,4.303196,0,0
7/19/2018,Frank,IX/V,01_PBS,0.01,4,2,1,FALSE,242.5,20100,4.303196,0,0
7/19/2018,Frank,IX/V,01_PBS,0.01,4,3,0,TRUE,242.5,20100,4.303196,0,1
7/19/2018,Frank,IX/V,01_PBS,0.01,4,3,0,TRUE,242.5,20100,4.303196,0,1
7/19/2018,Frank,IX/V,01_PBS,0.01,4,3,0,TRUE,242.5,20100,4.303196,0,1
7/19/2018,Frank,IX/V,01_PBS,0.01,4,3,0,TRUE,242.5,20100,4.303196,0,1
7/19/2018,Frank,IX/V,01_PBS,0.01,5,2,1,FALSE,242.5,20100,4.303196,0,0
7/19/2018,Frank,IX/V,01_PBS,0.01,5,2,1,FALSE,242.5,20100,4.303196,0,0
7/19/2018,Frank,IX/V,01_PBS,0.01,5,2,1,FALSE,242.5,20100,4.303196,0,0
7/19/2018,Frank,IX/V,01_PBS,0.01,5,2,1,FALSE,242.5,20100,4.303196,0,0
7/19/2018,Frank,IX/V,01_PBS,0.01,5,2,1,FALSE,242.5,20100,4.303196,0,0
7/19/2018,Frank,IX/V,01_PBS,0.01,5,2,1,FALSE,242.5,20100,4.303196,0,0
7/19/2018,Frank,IX/V,01_PBS,0.01,5,2,1,FALSE,242.5,20100,4.303196,0,0
7/19/2018,Frank,IX/V,01_PBS,0.01,5,3,0,TRUE,242.5,20100,4.303196,0,1
7/19/2018,Frank,IX/V,01_PBS,0.01,5,3,0,TRUE,242.5,20100,4.303196,0,1
7/19/2018,Frank,IX/V,01_PBS,0.1,8,1,1,FALSE,2527.5,188500,5.275311,0,0
7/19/2018,Frank,IX/V,01_PBS,0.1,8,1,1,FALSE,2527.5,188500,5.275311,0,0
7/19/2018,Frank,IX/V,01_PBS,0.1,8,1,1,FALSE,2527.5,188500,5.275311,0,0
7/19/2018,Frank,IX/V,01_PBS,0.1,8,2,1,FALSE,2527.5,188500,5.275311,0,0
7/19/2018,Frank,IX/V,01_PBS,0.1,8,3,0,TRUE,2527.5,188500,5.275311,0,1
7/19/2018,Frank,IX/V,01_PBS,0.1,8,3,0,TRUE,2527.5,188500,5.275311,0,1
7/19/2018,Frank,IX/V,01_PBS,0.1,8,3,0,TRUE,2527.5,188500,5.275311,0,1
7/19/2018,Frank,IX/V,01_PBS,0.1,8,3,0,TRUE,2527.5,188500,5.275311,0,1
7/19/2018,Frank,IX/V,01_PBS,0.1,12,1,1,FALSE,2527.5,188500,5.275311,0,0
7/19/2018,Frank,IX/V,01_PBS,0.1,12,1,1,FALSE,2527.5,188500,5.275311,0,0
7/19/2018,Frank,IX/V,01_PBS,0.1,12,1,1,FALSE,2527.5,188500,5.275311,0,0
7/19/2018,Frank,IX/V,01_PBS,0.1,12,1,1,FALSE,2527.5,188500,5.275311,0,0
7/19/2018,Frank,IX/V,01_PBS,0.1,12,2,1,FALSE,2527.5,188500,5.275311,0,0
7/19/2018,Frank,IX/V,01_PBS,0.1,12,3,0,TRUE,2527.5,188500,5.275311,0,1
7/19/2018,Frank,IX/V,01_PBS,0.1,12,3,0,TRUE,2527.5,188500,5.275311,0,1
7/19/2018,Frank,IX/V,01_PBS,0.1,12,3,0,TRUE,2527.5,188500,5.275311,0,1
7/19/2018,Frank,IX/V,01_PBS,0.1,12,3,0,TRUE,2527.5,188500,5.275311,0,1
7/19/2018,Frank,IX/V,01_PBS,0.1,12,3,0,TRUE,2527.5,188500,5.275311,0,1
7/19/2018,Frank,IX/V,01_PBS,1,16,1,1,FALSE,10106.5,2187500,6.339948,0,0
7/19/2018,Frank,IX/V,01_PBS,1,16,1,1,FALSE,10106.5,2187500,6.339948,0,0
7/19/2018,Frank,IX/V,01_PBS,1,16,1,1,FALSE,10106.5,2187500,6.339948,0,0
7/19/2018,Frank,IX/V,01_PBS,1,16,1,1,FALSE,10106.5,2187500,6.339948,0,0
7/19/2018,Frank,IX/V,01_PBS,1,16,1,1,FALSE,10106.5,2187500,6.339948,0,0
7/19/2018,Frank,IX/V,01_PBS,1,16,1,1,FALSE,10106.5,2187500,6.339948,0,0
7/19/2018,Frank,IX/V,01_PBS,1,16,1,1,FALSE,10106.5,2187500,6.339948,0,0
7/19/2018,Frank,IX/V,01_PBS,1,16,1,1,FALSE,10106.5,2187500,6.339948,0,0
7/19/2018,Frank,IX/V,01_PBS,1,16,2,1,FALSE,10106.5,2187500,6.339948,0,0
7/19/2018,Frank,IX/V,01_PBS,1,16,3,0,TRUE,10106.5,2187500,6.339948,0,1
7/19/2018,Frank,IX/V,02_Ef,0.001,18,3,1,FALSE,32.5,2660,3.424882,1,0
7/19/2018,Frank,IX/V,02_Ef,0.001,18,3,0,TRUE,32.5,2660,3.424882,1,1
7/19/2018,Frank,IX/V,02_Ef,0.001,18,3,0,TRUE,32.5,2660,3.424882,1,1
7/19/2018,Frank,IX/V,02_Ef,0.001,18,3,0,TRUE,32.5,2660,3.424882,1,1
7/19/2018,Frank,IX/V,02_Ef,0.001,18,3,0,TRUE,32.5,2660,3.424882,1,1
7/19/2018,Frank,IX/V,02_Ef,0.001,18,3,0,TRUE,32.5,2660,3.424882,1,1
7/19/2018,Frank,IX/V,02_Ef,0.001,20,2,1,FALSE,32.5,2660,3.424882,1,0
7/19/2018,Frank,IX/V,02_Ef,0.001,20,2,1,FALSE,32.5,2660,3.424882,1,0
7/19/2018,Frank,IX/V,02_Ef,0.001,20,2,1,FALSE,32.5,2660,3.424882,1,0
7/19/2018,Frank,IX/V,02_Ef,0.001,20,3,0,TRUE,32.5,2660,3.424882,1,1
7/19/2018,Frank,IX/V,02_Ef,0.001,20,3,0,TRUE,32.5,2660,3.424882,1,1
7/19/2018,Frank,IX/V,02_Ef,0.001,20,3,0,TRUE,32.5,2660,3.424882,1,1
7/19/2018,Frank,IX/V,02_Ef,0.001,20,3,0,TRUE,32.5,2660,3.424882,1,1
7/19/2018,Frank,IX/V,02_Ef,0.001,20,3,0,TRUE,32.5,2660,3.424882,1,1
7/19/2018,Frank,IX/V,02_Ef,0.001,20,3,0,TRUE,32.5,2660,3.424882,1,1
7/19/2018,Frank,IX/V,02_Ef,0.001,21,1,1,FALSE,32.5,2660,3.424882,1,0
7/19/2018,Frank,IX/V,02_Ef,0.001,21,2,1,FALSE,32.5,2660,3.424882,1,0
7/19/2018,Frank,IX/V,02_Ef,0.001,21,3,0,TRUE,32.5,2660,3.424882,1,1
7/19/2018,Frank,IX/V,02_Ef,0.001,21,3,0,TRUE,32.5,2660,3.424882,1,1
7/19/2018,Frank,IX/V,02_Ef,0.001,21,3,0,TRUE,32.5,2660,3.424882,1,1
7/19/2018,Frank,IX/V,02_Ef,0.001,21,3,0,TRUE,32.5,2660,3.424882,1,1
7/19/2018,Frank,IX/V,02_Ef,0.001,21,3,0,TRUE,32.5,2660,3.424882,1,1
7/19/2018,Frank,IX/V,02_Ef,0.001,21,3,0,TRUE,32.5,2660,3.424882,1,1
7/19/2018,Frank,IX/V,02_Ef,0.01,22,1,1,FALSE,242.5,11350,4.054996,1,0
7/19/2018,Frank,IX/V,02_Ef,0.01,22,2,1,FALSE,242.5,11350,4.054996,1,0
7/19/2018,Frank,IX/V,02_Ef,0.01,22,2,1,FALSE,242.5,11350,4.054996,1,0
7/19/2018,Frank,IX/V,02_Ef,0.01,22,2,1,FALSE,242.5,11350,4.054996,1,0
7/19/2018,Frank,IX/V,02_Ef,0.01,22,2,1,FALSE,242.5,11350,4.054996,1,0
7/19/2018,Frank,IX/V,02_Ef,0.01,22,3,0,TRUE,242.5,11350,4.054996,1,1
7/19/2018,Frank,IX/V,02_Ef,0.01,22,3,0,TRUE,242.5,11350,4.054996,1,1
7/19/2018,Frank,IX/V,02_Ef,0.01,22,3,0,TRUE,242.5,11350,4.054996,1,1
7/19/2018,Frank,IX/V,02_Ef,0.01,22,3,0,TRUE,242.5,11350,4.054996,1,1
7/19/2018,Frank,IX/V,02_Ef,0.01,22,3,0,TRUE,242.5,11350,4.054996,1,1
7/19/2018,Frank,IX/V,02_Ef,0.01,23,1,1,FALSE,242.5,11350,4.054996,1,0
7/19/2018,Frank,IX/V,02_Ef,0.01,23,1,1,FALSE,242.5,11350,4.054996,1,0
7/19/2018,Frank,IX/V,02_Ef,0.01,23,1,1,FALSE,242.5,11350,4.054996,1,0
7/19/2018,Frank,IX/V,02_Ef,0.01,23,2,1,FALSE,242.5,11350,4.054996,1,0
7/19/2018,Frank,IX/V,02_Ef,0.01,23,2,1,FALSE,242.5,11350,4.054996,1,0
7/19/2018,Frank,IX/V,02_Ef,0.01,23,2,1,FALSE,242.5,11350,4.054996,1,0
7/19/2018,Frank,IX/V,02_Ef,0.01,23,2,1,FALSE,242.5,11350,4.054996,1,0
7/19/2018,Frank,IX/V,02_Ef,0.01,23,3,0,TRUE,242.5,11350,4.054996,1,1
7/19/2018,Frank,IX/V,02_Ef,0.01,26,2,1,FALSE,242.5,11350,4.054996,1,0
7/19/2018,Frank,IX/V,02_Ef,0.01,26,2,1,FALSE,242.5,11350,4.054996,1,0
7/19/2018,Frank,IX/V,02_Ef,0.01,26,2,1,FALSE,242.5,11350,4.054996,1,0
7/19/2018,Frank,IX/V,02_Ef,0.01,26,3,1,FALSE,242.5,11350,4.054996,1,0
7/19/2018,Frank,IX/V,02_Ef,0.01,26,3,0,TRUE,242.5,11350,4.054996,1,1
7/19/2018,Frank,IX/V,02_Ef,0.01,26,3,0,TRUE,242.5,11350,4.054996,1,1
7/19/2018,Frank,IX/V,02_Ef,0.01,26,3,0,TRUE,242.5,11350,4.054996,1,1
7/19/2018,Frank,IX/V,02_Ef,0.01,26,3,0,TRUE,242.5,11350,4.054996,1,1
7/19/2018,Frank,IX/V,02_Ef,0.01,26,3,0,TRUE,242.5,11350,4.054996,1,1
7/19/2018,Frank,IX/V,02_Ef,0.1,27,2,1,FALSE,2527.5,270000,5.431364,1,0
7/19/2018,Frank,IX/V,02_Ef,0.1,27,2,1,FALSE,2527.5,270000,5.431364,1,0
7/19/2018,Frank,IX/V,02_Ef,0.1,27,3,1,FALSE,2527.5,270000,5.431364,1,0
7/19/2018,Frank,IX/V,02_Ef,0.1,27,3,0,TRUE,2527.5,270000,5.431364,1,1
7/19/2018,Frank,IX/V,02_Ef,0.1,27,3,0,TRUE,2527.5,270000,5.431364,1,1
7/19/2018,Frank,IX/V,02_Ef,0.1,27,3,0,TRUE,2527.5,270000,5.431364,1,1
7/19/2018,Frank,IX/V,02_Ef,0.1,27,3,0,TRUE,2527.5,270000,5.431364,1,1
7/19/2018,Frank,IX/V,02_Ef,0.1,27,3,0,TRUE,2527.5,270000,5.431364,1,1
7/19/2018,Frank,IX/V,02_Ef,0.1,29,2,1,FALSE,2527.5,270000,5.431364,1,0
7/19/2018,Frank,IX/V,02_Ef,0.1,29,2,1,FALSE,2527.5,270000,5.431364,1,0
7/19/2018,Frank,IX/V,02_Ef,0.1,29,2,1,FALSE,2527.5,270000,5.431364,1,0
7/19/2018,Frank,IX/V,02_Ef,0.1,29,2,1,FALSE,2527.5,270000,5.431364,1,0
7/19/2018,Frank,IX/V,02_Ef,0.1,29,2,1,FALSE,2527.5,270000,5.431364,1,0
7/19/2018,Frank,IX/V,02_Ef,0.1,29,2,1,FALSE,2527.5,270000,5.431364,1,0
7/19/2018,Frank,IX/V,02_Ef,0.1,29,3,0,TRUE,2527.5,270000,5.431364,1,1
7/19/2018,Frank,IX/V,02_Ef,0.1,29,3,0,TRUE,2527.5,270000,5.431364,1,1
7/19/2018,Frank,IX/V,02_Ef,1,31,1,1,FALSE,10821,2473333,6.393283,1,0
7/19/2018,Frank,IX/V,02_Ef,1,31,1,1,FALSE,10821,2473333,6.393283,1,0
7/19/2018,Frank,IX/V,02_Ef,1,31,1,1,FALSE,10821,2473333,6.393283,1,0
7/19/2018,Frank,IX/V,02_Ef,1,31,1,1,FALSE,10821,2473333,6.393283,1,0
7/19/2018,Frank,IX/V,02_Ef,1,31,1,1,FALSE,10821,2473333,6.393283,1,0
7/19/2018,Frank,IX/V,02_Ef,1,31,1,1,FALSE,10821,2473333,6.393283,1,0
7/19/2018,Frank,IX/V,02_Ef,1,31,2,1,FALSE,10821,2473333,6.393283,1,0
7/19/2018,Frank,IX/V,02_Ef,1,31,2,1,FALSE,10821,2473333,6.393283,1,0
7/19/2018,Frank,IX/V,02_Ef,1,31,2,1,FALSE,10821,2473333,6.393283,1,0
7/19/2018,Frank,IX/V,02_Ef,1,31,2,1,FALSE,10821,2473333,6.393283,1,0
7/19/2018,Frank,IX/V,02_Ef,1,32,1,1,FALSE,10821,2473333,6.393283,1,0
7/19/2018,Frank,IX/V,02_Ef,1,32,1,1,FALSE,10821,2473333,6.393283,1,0
7/19/2018,Frank,IX/V,02_Ef,1,32,1,1,FALSE,10821,2473333,6.393283,1,0
7/19/2018,Frank,IX/V,02_Ef,1,32,1,1,FALSE,10821,2473333,6.393283,1,0
7/19/2018,Frank,IX/V,02_Ef,1,32,1,1,FALSE,10821,2473333,6.393283,1,0
7/19/2018,Frank,IX/V,02_Ef,1,32,2,1,FALSE,10821,2473333,6.393283,1,0
7/19/2018,Frank,IX/V,02_Ef,1,32,2,1,FALSE,10821,2473333,6.393283,1,0
6/3/2019,Abby,I,01_PBS,0.001,1,1,1,FALSE,40,65000,4.812913,0,0
6/3/2019,Abby,I,01_PBS,0.001,1,2,1,FALSE,40,65000,4.812913,0,0
6/3/2019,Abby,I,01_PBS,0.001,1,4,1,TRUE,40,65000,4.812913,0,1
6/3/2019,Abby,I,01_PBS,0.001,1,7,0,TRUE,40,65000,4.812913,0,1
6/3/2019,Abby,I,01_PBS,0.001,1,7,0,TRUE,40,65000,4.812913,0,1
6/3/2019,Abby,I,01_PBS,0.001,1,7,0,TRUE,40,65000,4.812913,0,1
6/3/2019,Abby,I,01_PBS,0.001,1,7,0,TRUE,40,65000,4.812913,0,1
6/3/2019,Abby,I,01_PBS,0.001,2,1,1,FALSE,40,65000,4.812913,0,0
6/3/2019,Abby,I,01_PBS,0.001,2,1,1,FALSE,40,65000,4.812913,0,0
6/3/2019,Abby,I,01_PBS,0.001,2,1,1,FALSE,40,65000,4.812913,0,0
6/3/2019,Abby,I,01_PBS,0.001,2,1,1,FALSE,40,65000,4.812913,0,0
6/3/2019,Abby,I,01_PBS,0.001,2,3,1,FALSE,40,65000,4.812913,0,0
6/3/2019,Abby,I,01_PBS,0.001,2,5,1,TRUE,40,65000,4.812913,0,1
6/3/2019,Abby,I,01_PBS,0.001,3,2,1,FALSE,40,65000,4.812913,0,0
6/3/2019,Abby,I,01_PBS,0.001,3,2,1,FALSE,40,65000,4.812913,0,0
6/3/2019,Abby,I,01_PBS,0.001,3,4,1,TRUE,40,65000,4.812913,0,1
6/3/2019,Abby,I,01_PBS,0.001,3,5,1,TRUE,40,65000,4.812913,0,1
6/3/2019,Abby,I,01_PBS,0.001,3,7,0,TRUE,40,65000,4.812913,0,1
6/3/2019,Abby,I,01_PBS,0.01,4,1,1,FALSE,216,158000,5.198657,0,0
6/3/2019,Abby,I,01_PBS,0.01,4,1,1,FALSE,216,158000,5.198657,0,0
6/3/2019,Abby,I,01_PBS,0.01,4,1,1,FALSE,216,158000,5.198657,0,0
6/3/2019,Abby,I,01_PBS,0.01,4,2,1,FALSE,216,158000,5.198657,0,0
6/3/2019,Abby,I,01_PBS,0.01,4,3,1,FALSE,216,158000,5.198657,0,0
6/3/2019,Abby,I,01_PBS,0.01,4,7,0,TRUE,216,158000,5.198657,0,1
6/3/2019,Abby,I,01_PBS,0.01,4,7,0,TRUE,216,158000,5.198657,0,1
6/3/2019,Abby,I,01_PBS,0.01,5,1,1,FALSE,216,158000,5.198657,0,0
6/3/2019,Abby,I,01_PBS,0.01,5,1,1,FALSE,216,158000,5.198657,0,0
6/3/2019,Abby,I,01_PBS,0.01,5,2,1,FALSE,216,158000,5.198657,0,0
6/3/2019,Abby,I,01_PBS,0.01,5,3,1,FALSE,216,158000,5.198657,0,0
6/3/2019,Abby,I,01_PBS,0.01,5,4,1,TRUE,216,158000,5.198657,0,1
6/3/2019,Abby,I,01_PBS,0.01,5,7,0,TRUE,216,158000,5.198657,0,1
6/3/2019,Abby,I,01_PBS,0.01,5,7,0,TRUE,216,158000,5.198657,0,1
6/3/2019,Abby,I,01_PBS,0.01,6,1,1,FALSE,216,158000,5.198657,0,0
6/3/2019,Abby,I,01_PBS,0.01,6,1,1,FALSE,216,158000,5.198657,0,0
6/3/2019,Abby,I,01_PBS,0.01,6,1,1,FALSE,216,158000,5.198657,0,0
6/3/2019,Abby,I,01_PBS,0.01,6,1,1,FALSE,216,158000,5.198657,0,0
6/3/2019,Abby,I,01_PBS,0.01,6,1,1,FALSE,216,158000,5.198657,0,0
6/3/2019,Abby,I,01_PBS,0.01,6,7,1,TRUE,216,158000,5.198657,0,1
6/3/2019,Abby,I,01_PBS,0.01,6,7,0,TRUE,216,158000,5.198657,0,1
6/3/2019,Abby,I,01_PBS,0.1,7,1,1,FALSE,2083,755333.3,5.878139,0,0
6/3/2019,Abby,I,01_PBS,0.1,7,1,1,FALSE,2083,755333.3,5.878139,0,0
6/3/2019,Abby,I,01_PBS,0.1,7,1,1,FALSE,2083,755333.3,5.878139,0,0
6/3/2019,Abby,I,01_PBS,0.1,7,1,1,FALSE,2083,755333.3,5.878139,0,0
6/3/2019,Abby,I,01_PBS,0.1,7,1,1,FALSE,2083,755333.3,5.878139,0,0
6/3/2019,Abby,I,01_PBS,0.1,7,1,1,FALSE,2083,755333.3,5.878139,0,0
6/3/2019,Abby,I,01_PBS,0.1,7,7,0,TRUE,2083,755333.3,5.878139,0,1
6/3/2019,Abby,I,01_PBS,0.1,8,1,1,FALSE,2083,755333.3,5.878139,0,0
6/3/2019,Abby,I,01_PBS,0.1,8,1,1,FALSE,2083,755333.3,5.878139,0,0
6/3/2019,Abby,I,01_PBS,0.1,8,1,1,FALSE,2083,755333.3,5.878139,0,0
6/3/2019,Abby,I,01_PBS,0.1,8,1,1,FALSE,2083,755333.3,5.878139,0,0
6/3/2019,Abby,I,01_PBS,0.1,8,1,1,FALSE,2083,755333.3,5.878139,0,0
6/3/2019,Abby,I,01_PBS,0.1,9,1,1,FALSE,2083,755333.3,5.878139,0,0
6/3/2019,Abby,I,01_PBS,0.1,9,1,1,FALSE,2083,755333.3,5.878139,0,0
6/3/2019,Abby,I,01_PBS,0.1,9,1,1,FALSE,2083,755333.3,5.878139,0,0
6/3/2019,Abby,I,01_PBS,0.1,9,6,1,TRUE,2083,755333.3,5.878139,0,1
6/3/2019,Abby,I,01_PBS,0.1,9,7,0,TRUE,2083,755333.3,5.878139,0,1
6/3/2019,Abby,I,01_PBS,0.1,9,7,0,TRUE,2083,755333.3,5.878139,0,1
6/3/2019,Abby,I,01_PBS,0.1,9,7,0,TRUE,2083,755333.3,5.878139,0,1
6/3/2019,Abby,I,01_PBS,1,10,1,1,FALSE,6851,6142200,6.788324,0,0
6/3/2019,Abby,I,01_PBS,1,10,1,1,FALSE,6851,6142200,6.788324,0,0
6/3/2019,Abby,I,01_PBS,1,10,1,1,FALSE,6851,6142200,6.788324,0,0
6/3/2019,Abby,I,01_PBS,1,10,1,1,FALSE,6851,6142200,6.788324,0,0
6/3/2019,Abby,I,01_PBS,1,10,1,1,FALSE,6851,6142200,6.788324,0,0
6/3/2019,Abby,I,01_PBS,1,10,1,1,FALSE,6851,6142200,6.788324,0,0
6/3/2019,Abby,I,01_PBS,1,10,1,1,FALSE,6851,6142200,6.788324,0,0
6/3/2019,Abby,I,01_PBS,1,11,1,1,FALSE,6851,6142200,6.788324,0,0
6/3/2019,Abby,I,01_PBS,1,11,1,1,FALSE,6851,6142200,6.788324,0,0
6/3/2019,Abby,I,01_PBS,1,11,1,1,FALSE,6851,6142200,6.788324,0,0
6/3/2019,Abby,I,01_PBS,1,12,1,1,FALSE,6851,6142200,6.788324,0,0
6/3/2019,Abby,I,01_PBS,1,12,1,1,FALSE,6851,6142200,6.788324,0,0
6/3/2019,Abby,I,01_PBS,1,12,1,1,FALSE,6851,6142200,6.788324,0,0
6/3/2019,Abby,I,01_PBS,1,12,1,1,FALSE,6851,6142200,6.788324,0,0
6/3/2019,Abby,I,01_PBS,1,12,1,1,FALSE,6851,6142200,6.788324,0,0
6/3/2019,Abby,I,01_PBS,1,12,1,1,FALSE,6851,6142200,6.788324,0,0
6/3/2019,Abby,I,01_PBS,1,12,1,1,FALSE,6851,6142200,6.788324,0,0
6/3/2019,Abby,I,02_Ef,0.001,13,3,1,FALSE,46,93333.33,4.970037,1,0
6/3/2019,Abby,I,02_Ef,0.001,13,4,1,TRUE,46,93333.33,4.970037,1,1
6/3/2019,Abby,I,02_Ef,0.001,13,7,0,TRUE,46,93333.33,4.970037,1,1
6/3/2019,Abby,I,02_Ef,0.001,13,7,0,TRUE,46,93333.33,4.970037,1,1
6/3/2019,Abby,I,02_Ef,0.001,13,7,0,TRUE,46,93333.33,4.970037,1,1
6/3/2019,Abby,I,02_Ef,0.001,14,3,1,FALSE,46,93333.33,4.970037,1,0
6/3/2019,Abby,I,02_Ef,0.001,14,7,0,TRUE,46,93333.33,4.970037,1,1
6/3/2019,Abby,I,02_Ef,0.001,14,7,0,TRUE,46,93333.33,4.970037,1,1
6/3/2019,Abby,I,02_Ef,0.001,15,1,1,FALSE,46,93333.33,4.970037,1,0
6/3/2019,Abby,I,02_Ef,0.001,15,2,1,FALSE,46,93333.33,4.970037,1,0
6/3/2019,Abby,I,02_Ef,0.001,15,2,1,FALSE,46,93333.33,4.970037,1,0
6/3/2019,Abby,I,02_Ef,0.001,15,7,0,TRUE,46,93333.33,4.970037,1,1
6/3/2019,Abby,I,02_Ef,0.01,16,1,1,FALSE,228,101500,5.006466,1,0
6/3/2019,Abby,I,02_Ef,0.01,16,4,1,TRUE,228,101500,5.006466,1,1
6/3/2019,Abby,I,02_Ef,0.01,16,7,0,TRUE,228,101500,5.006466,1,1
6/3/2019,Abby,I,02_Ef,0.01,17,1,1,FALSE,228,101500,5.006466,1,0
6/3/2019,Abby,I,02_Ef,0.01,17,2,1,FALSE,228,101500,5.006466,1,0
6/3/2019,Abby,I,02_Ef,0.01,17,7,0,TRUE,228,101500,5.006466,1,1
6/3/2019,Abby,I,02_Ef,0.01,17,7,0,TRUE,228,101500,5.006466,1,1
6/3/2019,Abby,I,02_Ef,0.01,17,7,0,TRUE,228,101500,5.006466,1,1
6/3/2019,Abby,I,02_Ef,0.01,18,1,1,FALSE,228,101500,5.006466,1,0
6/3/2019,Abby,I,02_Ef,0.01,18,4,1,TRUE,228,101500,5.006466,1,1
6/3/2019,Abby,I,02_Ef,0.01,18,6,1,TRUE,228,101500,5.006466,1,1
6/3/2019,Abby,I,02_Ef,0.01,18,7,0,TRUE,228,101500,5.006466,1,1
6/3/2019,Abby,I,02_Ef,0.01,18,7,0,TRUE,228,101500,5.006466,1,1
6/3/2019,Abby,I,02_Ef,0.1,19,1,1,FALSE,1818,199333.3,5.29958,1,0
6/3/2019,Abby,I,02_Ef,0.1,20,1,1,FALSE,1818,199333.3,5.29958,1,0
6/3/2019,Abby,I,02_Ef,0.1,20,2,1,FALSE,1818,199333.3,5.29958,1,0
6/3/2019,Abby,I,02_Ef,0.1,21,5,1,TRUE,1818,199333.3,5.29958,1,1
6/3/2019,Abby,I,02_Ef,0.1,21,7,0,TRUE,1818,199333.3,5.29958,1,1
6/3/2019,Abby,I,02_Ef,0.1,21,7,0,TRUE,1818,199333.3,5.29958,1,1
6/3/2019,Abby,I,02_Ef,1,22,1,1,FALSE,8518,2998333,6.47688,1,0
6/3/2019,Abby,I,02_Ef,1,22,1,1,FALSE,8518,2998333,6.47688,1,0
6/3/2019,Abby,I,02_Ef,1,22,5,1,TRUE,8518,2998333,6.47688,1,1
6/3/2019,Abby,I,02_Ef,1,23,1,1,FALSE,8518,2998333,6.47688,1,0
6/3/2019,Abby,I,02_Ef,1,23,2,1,FALSE,8518,2998333,6.47688,1,0
6/3/2019,Abby,I,02_Ef,1,23,5,1,TRUE,8518,2998333,6.47688,1,1
6/3/2019,Abby,I,02_Ef,1,23,5,1,TRUE,8518,2998333,6.47688,1,1
6/3/2019,Abby,I,02_Ef,1,24,1,1,FALSE,8518,2998333,6.47688,1,0
6/3/2019,Abby,I,02_Ef,1,24,1,1,FALSE,8518,2998333,6.47688,1,0
6/3/2019,Abby,I,02_Ef,1,24,1,1,FALSE,8518,2998333,6.47688,1,0
6/3/2019,Abby,I,02_Ef,1,24,1,1,FALSE,8518,2998333,6.47688,1,0
6/3/2019,Abby,I,02_Ef,1,24,1,1,FALSE,8518,2998333,6.47688,1,0
6/5/2019,Abby,II,01_PBS,0.001,1,2,1,FALSE,62,31200,4.494155,0,0
6/5/2019,Abby,II,01_PBS,0.001,1,2,1,FALSE,62,31200,4.494155,0,0
6/5/2019,Abby,II,01_PBS,0.001,1,7,0,TRUE,62,31200,4.494155,0,1
6/5/2019,Abby,II,01_PBS,0.001,1,7,0,TRUE,62,31200,4.494155,0,1
6/5/2019,Abby,II,01_PBS,0.001,1,7,0,TRUE,62,31200,4.494155,0,1
6/5/2019,Abby,II,01_PBS,0.001,1,7,0,TRUE,62,31200,4.494155,0,1
6/5/2019,Abby,II,01_PBS,0.001,2,1,1,FALSE,62,31200,4.494155,0,0
6/5/2019,Abby,II,01_PBS,0.001,2,2,1,FALSE,62,31200,4.494155,0,0
6/5/2019,Abby,II,01_PBS,0.001,2,2,1,FALSE,62,31200,4.494155,0,0
6/5/2019,Abby,II,01_PBS,0.001,2,2,1,FALSE,62,31200,4.494155,0,0
6/5/2019,Abby,II,01_PBS,0.001,2,2,1,FALSE,62,31200,4.494155,0,0
6/5/2019,Abby,II,01_PBS,0.001,2,7,0,TRUE,62,31200,4.494155,0,1
6/5/2019,Abby,II,01_PBS,0.001,2,7,0,TRUE,62,31200,4.494155,0,1
6/5/2019,Abby,II,01_PBS,0.001,2,7,0,TRUE,62,31200,4.494155,0,1
6/5/2019,Abby,II,01_PBS,0.001,3,1,1,FALSE,62,31200,4.494155,0,0
6/5/2019,Abby,II,01_PBS,0.001,3,2,1,FALSE,62,31200,4.494155,0,0
6/5/2019,Abby,II,01_PBS,0.001,3,2,1,FALSE,62,31200,4.494155,0,0
6/5/2019,Abby,II,01_PBS,0.001,3,2,1,FALSE,62,31200,4.494155,0,0
6/5/2019,Abby,II,01_PBS,0.001,3,4,1,TRUE,62,31200,4.494155,0,1
6/5/2019,Abby,II,01_PBS,0.001,3,4,1,TRUE,62,31200,4.494155,0,1
6/5/2019,Abby,II,01_PBS,0.001,3,7,0,TRUE,62,31200,4.494155,0,1
6/5/2019,Abby,II,01_PBS,0.01,4,1,1,FALSE,226,94000,4.973128,0,0
6/5/2019,Abby,II,01_PBS,0.01,4,2,1,FALSE,226,94000,4.973128,0,0
6/5/2019,Abby,II,01_PBS,0.01,4,2,1,FALSE,226,94000,4.973128,0,0
6/5/2019,Abby,II,01_PBS,0.01,4,7,1,TRUE,226,94000,4.973128,0,1
6/5/2019,Abby,II,01_PBS,0.01,4,7,1,TRUE,226,94000,4.973128,0,1
6/5/2019,Abby,II,01_PBS,0.01,4,7,0,TRUE,226,94000,4.973128,0,1
6/5/2019,Abby,II,01_PBS,0.01,4,7,0,TRUE,226,94000,4.973128,0,1
6/5/2019,Abby,II,01_PBS,0.01,5,1,1,FALSE,226,94000,4.973128,0,0
6/5/2019,Abby,II,01_PBS,0.01,5,4,1,TRUE,226,94000,4.973128,0,1
6/5/2019,Abby,II,01_PBS,0.01,5,7,0,TRUE,226,94000,4.973128,0,1
6/5/2019,Abby,II,01_PBS,0.01,5,7,0,TRUE,226,94000,4.973128,0,1
6/5/2019,Abby,II,01_PBS,0.01,5,7,0,TRUE,226,94000,4.973128,0,1
6/5/2019,Abby,II,01_PBS,0.01,5,7,0,TRUE,226,94000,4.973128,0,1
6/5/2019,Abby,II,01_PBS,0.01,6,1,1,FALSE,226,94000,4.973128,0,0
6/5/2019,Abby,II,01_PBS,0.01,6,2,1,FALSE,226,94000,4.973128,0,0
6/5/2019,Abby,II,01_PBS,0.01,6,2,1,FALSE,226,94000,4.973128,0,0
6/5/2019,Abby,II,01_PBS,0.01,6,7,0,TRUE,226,94000,4.973128,0,1
6/5/2019,Abby,II,01_PBS,0.01,6,7,0,TRUE,226,94000,4.973128,0,1
6/5/2019,Abby,II,01_PBS,0.01,6,7,0,TRUE,226,94000,4.973128,0,1
6/5/2019,Abby,II,01_PBS,0.01,6,7,0,TRUE,226,94000,4.973128,0,1
6/5/2019,Abby,II,01_PBS,0.01,6,7,0,TRUE,226,94000,4.973128,0,1
6/5/2019,Abby,II,01_PBS,0.1,7,1,1,FALSE,1666,750333.3,5.875254,0,0
6/5/2019,Abby,II,01_PBS,0.1,7,1,1,FALSE,1666,750333.3,5.875254,0,0
6/5/2019,Abby,II,01_PBS,0.1,7,2,1,FALSE,1666,750333.3,5.875254,0,0
6/5/2019,Abby,II,01_PBS,0.1,7,7,0,TRUE,1666,750333.3,5.875254,0,1
6/5/2019,Abby,II,01_PBS,0.1,7,7,0,TRUE,1666,750333.3,5.875254,0,1
6/5/2019,Abby,II,01_PBS,0.1,7,7,0,TRUE,1666,750333.3,5.875254,0,1
6/5/2019,Abby,II,01_PBS,0.1,7,7,0,TRUE,1666,750333.3,5.875254,0,1
6/5/2019,Abby,II,01_PBS,0.1,8,1,1,FALSE,1666,750333.3,5.875254,0,0
6/5/2019,Abby,II,01_PBS,0.1,8,1,1,FALSE,1666,750333.3,5.875254,0,0
6/5/2019,Abby,II,01_PBS,0.1,8,1,1,FALSE,1666,750333.3,5.875254,0,0
6/5/2019,Abby,II,01_PBS,0.1,8,1,1,FALSE,1666,750333.3,5.875254,0,0
6/5/2019,Abby,II,01_PBS,0.1,8,7,0,TRUE,1666,750333.3,5.875254,0,1
6/5/2019,Abby,II,01_PBS,0.1,8,7,0,TRUE,1666,750333.3,5.875254,0,1
6/5/2019,Abby,II,01_PBS,0.1,8,7,0,TRUE,1666,750333.3,5.875254,0,1
6/5/2019,Abby,II,01_PBS,0.1,8,7,0,TRUE,1666,750333.3,5.875254,0,1
6/5/2019,Abby,II,01_PBS,0.1,9,1,1,FALSE,1666,750333.3,5.875254,0,0
6/5/2019,Abby,II,01_PBS,0.1,9,2,1,FALSE,1666,750333.3,5.875254,0,0
6/5/2019,Abby,II,01_PBS,0.1,9,4,1,TRUE,1666,750333.3,5.875254,0,1
6/5/2019,Abby,II,01_PBS,0.1,9,7,0,TRUE,1666,750333.3,5.875254,0,1
6/5/2019,Abby,II,01_PBS,0.1,9,7,0,TRUE,1666,750333.3,5.875254,0,1
6/5/2019,Abby,II,01_PBS,0.1,9,7,0,TRUE,1666,750333.3,5.875254,0,1
6/5/2019,Abby,II,01_PBS,0.1,9,7,0,TRUE,1666,750333.3,5.875254,0,1
6/5/2019,Abby,II,01_PBS,1,10,1,1,FALSE,9444,3057667,6.48539,0,0
6/5/2019,Abby,II,01_PBS,1,10,1,1,FALSE,9444,3057667,6.48539,0,0
6/5/2019,Abby,II,01_PBS,1,10,1,1,FALSE,9444,3057667,6.48539,0,0
6/5/2019,Abby,II,01_PBS,1,10,1,1,FALSE,9444,3057667,6.48539,0,0
6/5/2019,Abby,II,01_PBS,1,10,7,0,TRUE,9444,3057667,6.48539,0,1
6/5/2019,Abby,II,01_PBS,1,11,1,1,FALSE,9444,3057667,6.48539,0,0
6/5/2019,Abby,II,01_PBS,1,11,1,1,FALSE,9444,3057667,6.48539,0,0
6/5/2019,Abby,II,01_PBS,1,11,1,1,FALSE,9444,3057667,6.48539,0,0
6/5/2019,Abby,II,01_PBS,1,11,1,1,FALSE,9444,3057667,6.48539,0,0
6/5/2019,Abby,II,01_PBS,1,11,1,1,FALSE,9444,3057667,6.48539,0,0
6/5/2019,Abby,II,01_PBS,1,11,1,1,FALSE,9444,3057667,6.48539,0,0
6/5/2019,Abby,II,01_PBS,1,11,3,1,FALSE,9444,3057667,6.48539,0,0
6/5/2019,Abby,II,01_PBS,1,11,7,0,TRUE,9444,3057667,6.48539,0,1
6/5/2019,Abby,II,01_PBS,1,12,1,1,FALSE,9444,3057667,6.48539,0,0
6/5/2019,Abby,II,01_PBS,1,12,1,1,FALSE,9444,3057667,6.48539,0,0
6/5/2019,Abby,II,01_PBS,1,12,1,1,FALSE,9444,3057667,6.48539,0,0
6/5/2019,Abby,II,01_PBS,1,12,1,1,FALSE,9444,3057667,6.48539,0,0
6/5/2019,Abby,II,01_PBS,1,12,1,1,FALSE,9444,3057667,6.48539,0,0
6/5/2019,Abby,II,01_PBS,1,12,2,1,FALSE,9444,3057667,6.48539,0,0
6/5/2019,Abby,II,01_PBS,1,12,7,0,TRUE,9444,3057667,6.48539,0,1
6/5/2019,Abby,II,02_Ef,0.001,13,1,1,FALSE,62,13600,4.133539,1,0
6/5/2019,Abby,II,02_Ef,0.001,13,7,0,TRUE,62,13600,4.133539,1,1
6/5/2019,Abby,II,02_Ef,0.001,13,7,0,TRUE,62,13600,4.133539,1,1
6/5/2019,Abby,II,02_Ef,0.001,13,7,0,TRUE,62,13600,4.133539,1,1
6/5/2019,Abby,II,02_Ef,0.001,13,7,0,TRUE,62,13600,4.133539,1,1
6/5/2019,Abby,II,02_Ef,0.001,14,2,1,FALSE,62,13600,4.133539,1,0
6/5/2019,Abby,II,02_Ef,0.001,14,7,1,TRUE,62,13600,4.133539,1,1
6/5/2019,Abby,II,02_Ef,0.001,14,7,0,TRUE,62,13600,4.133539,1,1
6/5/2019,Abby,II,02_Ef,0.001,14,7,0,TRUE,62,13600,4.133539,1,1
6/5/2019,Abby,II,02_Ef,0.001,14,7,0,TRUE,62,13600,4.133539,1,1
6/5/2019,Abby,II,02_Ef,0.001,14,7,0,TRUE,62,13600,4.133539,1,1
6/5/2019,Abby,II,02_Ef,0.001,14,7,0,TRUE,62,13600,4.133539,1,1
6/5/2019,Abby,II,02_Ef,0.001,14,7,0,TRUE,62,13600,4.133539,1,1
6/5/2019,Abby,II,02_Ef,0.001,15,3,1,FALSE,62,13600,4.133539,1,0
6/5/2019,Abby,II,02_Ef,0.001,15,7,0,TRUE,62,13600,4.133539,1,1
6/5/2019,Abby,II,02_Ef,0.001,15,7,0,TRUE,62,13600,4.133539,1,1
6/5/2019,Abby,II,02_Ef,0.001,15,7,0,TRUE,62,13600,4.133539,1,1
6/5/2019,Abby,II,02_Ef,0.001,15,7,0,TRUE,62,13600,4.133539,1,1
6/5/2019,Abby,II,02_Ef,0.001,15,7,0,TRUE,62,13600,4.133539,1,1
6/5/2019,Abby,II,02_Ef,0.01,16,7,0,TRUE,266,112800,5.052309,1,1
6/5/2019,Abby,II,02_Ef,0.01,16,7,0,TRUE,266,112800,5.052309,1,1
6/5/2019,Abby,II,02_Ef,0.01,16,7,0,TRUE,266,112800,5.052309,1,1
6/5/2019,Abby,II,02_Ef,0.01,16,7,0,TRUE,266,112800,5.052309,1,1
6/5/2019,Abby,II,02_Ef,0.01,16,7,0,TRUE,266,112800,5.052309,1,1
6/5/2019,Abby,II,02_Ef,0.01,16,7,0,TRUE,266,112800,5.052309,1,1
6/5/2019,Abby,II,02_Ef,0.01,17,1,1,FALSE,266,112800,5.052309,1,0
6/5/2019,Abby,II,02_Ef,0.01,17,7,0,TRUE,266,112800,5.052309,1,1
6/5/2019,Abby,II,02_Ef,0.01,17,7,0,TRUE,266,112800,5.052309,1,1
6/5/2019,Abby,II,02_Ef,0.01,17,7,0,TRUE,266,112800,5.052309,1,1
6/5/2019,Abby,II,02_Ef,0.01,18,1,1,FALSE,266,112800,5.052309,1,0
6/5/2019,Abby,II,02_Ef,0.01,18,4,1,TRUE,266,112800,5.052309,1,1
6/5/2019,Abby,II,02_Ef,0.01,18,5,1,TRUE,266,112800,5.052309,1,1
6/5/2019,Abby,II,02_Ef,0.01,18,7,0,TRUE,266,112800,5.052309,1,1
6/5/2019,Abby,II,02_Ef,0.01,18,7,0,TRUE,266,112800,5.052309,1,1
6/5/2019,Abby,II,02_Ef,0.01,18,7,0,TRUE,266,112800,5.052309,1,1
6/5/2019,Abby,II,02_Ef,0.1,19,1,1,FALSE,1666,418400,5.621592,1,0
6/5/2019,Abby,II,02_Ef,0.1,19,3,1,FALSE,1666,418400,5.621592,1,0
6/5/2019,Abby,II,02_Ef,0.1,19,7,0,TRUE,1666,418400,5.621592,1,1
6/5/2019,Abby,II,02_Ef,0.1,19,7,0,TRUE,1666,418400,5.621592,1,1
6/5/2019,Abby,II,02_Ef,0.1,19,7,0,TRUE,1666,418400,5.621592,1,1
6/5/2019,Abby,II,02_Ef,0.1,20,1,1,FALSE,1666,418400,5.621592,1,0
6/5/2019,Abby,II,02_Ef,0.1,20,2,1,FALSE,1666,418400,5.621592,1,0
6/5/2019,Abby,II,02_Ef,0.1,20,2,1,FALSE,1666,418400,5.621592,1,0
6/5/2019,Abby,II,02_Ef,0.1,20,2,1,FALSE,1666,418400,5.621592,1,0
6/5/2019,Abby,II,02_Ef,0.1,20,7,0,TRUE,1666,418400,5.621592,1,1
6/5/2019,Abby,II,02_Ef,0.1,21,1,1,FALSE,1666,418400,5.621592,1,0
6/5/2019,Abby,II,02_Ef,0.1,21,1,1,FALSE,1666,418400,5.621592,1,0
6/5/2019,Abby,II,02_Ef,0.1,21,7,1,TRUE,1666,418400,5.621592,1,1
6/5/2019,Abby,II,02_Ef,0.1,21,7,0,TRUE,1666,418400,5.621592,1,1
6/5/2019,Abby,II,02_Ef,0.1,21,7,0,TRUE,1666,418400,5.621592,1,1
6/5/2019,Abby,II,02_Ef,0.1,21,7,0,TRUE,1666,418400,5.621592,1,1
6/5/2019,Abby,II,02_Ef,1,22,1,1,FALSE,9444,4263200,6.629736,1,0
6/5/2019,Abby,II,02_Ef,1,22,1,1,FALSE,9444,4263200,6.629736,1,0
6/5/2019,Abby,II,02_Ef,1,22,1,1,FALSE,9444,4263200,6.629736,1,0
6/5/2019,Abby,II,02_Ef,1,22,1,1,FALSE,9444,4263200,6.629736,1,0
6/5/2019,Abby,II,02_Ef,1,22,2,1,FALSE,9444,4263200,6.629736,1,0
6/5/2019,Abby,II,02_Ef,1,23,1,1,FALSE,9444,4263200,6.629736,1,0
6/5/2019,Abby,II,02_Ef,1,23,1,1,FALSE,9444,4263200,6.629736,1,0
6/5/2019,Abby,II,02_Ef,1,23,1,1,FALSE,9444,4263200,6.629736,1,0
6/5/2019,Abby,II,02_Ef,1,23,4,1,TRUE,9444,4263200,6.629736,1,1
6/5/2019,Abby,II,02_Ef,1,23,4,1,TRUE,9444,4263200,6.629736,1,1
6/5/2019,Abby,II,02_Ef,1,23,7,0,TRUE,9444,4263200,6.629736,1,1
6/5/2019,Abby,II,02_Ef,1,24,1,1,FALSE,9444,4263200,6.629736,1,0
6/5/2019,Abby,II,02_Ef,1,24,1,1,FALSE,9444,4263200,6.629736,1,0
6/5/2019,Abby,II,02_Ef,1,24,2,1,FALSE,9444,4263200,6.629736,1,0
6/5/2019,Abby,II,02_Ef,1,24,2,1,FALSE,9444,4263200,6.629736,1,0
6/5/2019,Abby,II,02_Ef,1,24,3,1,FALSE,9444,4263200,6.629736,1,0
6/5/2019,Abby,II,02_Ef,1,24,4,1,TRUE,9444,4263200,6.629736,1,1
6/11/2019,Abby,III,01_PBS,0.01,1,1,1,FALSE,230,13857.5,4.141685,0,0
6/11/2019,Abby,III,01_PBS,0.01,1,1,1,FALSE,230,13857.5,4.141685,0,0
6/11/2019,Abby,III,01_PBS,0.01,1,1,1,FALSE,230,13857.5,4.141685,0,0
6/11/2019,Abby,III,01_PBS,0.01,1,1,1,FALSE,230,13857.5,4.141685,0,0
6/11/2019,Abby,III,01_PBS,0.01,1,1,1,FALSE,230,13857.5,4.141685,0,0
6/11/2019,Abby,III,01_PBS,0.01,1,1,1,FALSE,230,13857.5,4.141685,0,0
6/11/2019,Abby,III,01_PBS,0.01,2,1,1,FALSE,230,13857.5,4.141685,0,0
6/11/2019,Abby,III,01_PBS,0.01,2,1,1,FALSE,230,13857.5,4.141685,0,0
6/11/2019,Abby,III,01_PBS,0.01,2,1,1,FALSE,230,13857.5,4.141685,0,0
6/11/2019,Abby,III,01_PBS,0.01,2,2,1,FALSE,230,13857.5,4.141685,0,0
6/11/2019,Abby,III,01_PBS,0.01,2,2,1,FALSE,230,13857.5,4.141685,0,0
6/11/2019,Abby,III,01_PBS,0.01,2,3,1,FALSE,230,13857.5,4.141685,0,0
6/11/2019,Abby,III,01_PBS,0.01,2,4,1,TRUE,230,13857.5,4.141685,0,1
6/11/2019,Abby,III,01_PBS,0.01,3,1,1,FALSE,230,13857.5,4.141685,0,0
6/11/2019,Abby,III,01_PBS,0.01,3,1,1,FALSE,230,13857.5,4.141685,0,0
6/11/2019,Abby,III,01_PBS,0.01,3,1,1,FALSE,230,13857.5,4.141685,0,0
6/11/2019,Abby,III,01_PBS,0.01,3,1,1,FALSE,230,13857.5,4.141685,0,0
6/11/2019,Abby,III,01_PBS,0.01,3,1,1,FALSE,230,13857.5,4.141685,0,0
6/11/2019,Abby,III,01_PBS,0.01,3,3,1,FALSE,230,13857.5,4.141685,0,0
6/11/2019,Abby,III,01_PBS,0.01,3,7,0,TRUE,230,13857.5,4.141685,0,1
6/11/2019,Abby,III,01_PBS,0.1,4,1,1,FALSE,2197,13252.33,4.122292,0,0
6/11/2019,Abby,III,01_PBS,0.1,4,1,1,FALSE,2197,13252.33,4.122292,0,0
6/11/2019,Abby,III,01_PBS,0.1,4,1,1,FALSE,2197,13252.33,4.122292,0,0
6/11/2019,Abby,III,01_PBS,0.1,4,1,1,FALSE,2197,13252.33,4.122292,0,0
6/11/2019,Abby,III,01_PBS,0.1,4,1,1,FALSE,2197,13252.33,4.122292,0,0
6/11/2019,Abby,III,01_PBS,0.1,4,2,1,FALSE,2197,13252.33,4.122292,0,0
6/11/2019,Abby,III,01_PBS,0.1,5,1,1,FALSE,2197,13252.33,4.122292,0,0
6/11/2019,Abby,III,01_PBS,0.1,5,1,1,FALSE,2197,13252.33,4.122292,0,0
6/11/2019,Abby,III,01_PBS,0.1,5,1,1,FALSE,2197,13252.33,4.122292,0,0
6/11/2019,Abby,III,01_PBS,0.1,5,1,1,FALSE,2197,13252.33,4.122292,0,0
6/11/2019,Abby,III,01_PBS,0.1,5,1,1,FALSE,2197,13252.33,4.122292,0,0
6/11/2019,Abby,III,01_PBS,0.1,5,2,1,FALSE,2197,13252.33,4.122292,0,0
6/11/2019,Abby,III,01_PBS,0.1,6,1,1,FALSE,2197,13252.33,4.122292,0,0
6/11/2019,Abby,III,01_PBS,0.1,6,1,1,FALSE,2197,13252.33,4.122292,0,0
6/11/2019,Abby,III,01_PBS,0.1,6,1,1,FALSE,2197,13252.33,4.122292,0,0
6/11/2019,Abby,III,01_PBS,0.1,6,1,1,FALSE,2197,13252.33,4.122292,0,0
6/11/2019,Abby,III,01_PBS,0.1,6,3,1,FALSE,2197,13252.33,4.122292,0,0
6/11/2019,Abby,III,01_PBS,0.1,6,4,1,TRUE,2197,13252.33,4.122292,0,1
6/11/2019,Abby,III,01_PBS,0.1,6,4,1,TRUE,2197,13252.33,4.122292,0,1
6/11/2019,Abby,III,01_PBS,1,7,1,1,FALSE,12222,1098333,6.040734,0,0
6/11/2019,Abby,III,01_PBS,1,7,1,1,FALSE,12222,1098333,6.040734,0,0
6/11/2019,Abby,III,01_PBS,1,7,1,1,FALSE,12222,1098333,6.040734,0,0
6/11/2019,Abby,III,01_PBS,1,7,1,1,FALSE,12222,1098333,6.040734,0,0
6/11/2019,Abby,III,01_PBS,1,7,1,1,FALSE,12222,1098333,6.040734,0,0
6/11/2019,Abby,III,01_PBS,1,7,1,1,FALSE,12222,1098333,6.040734,0,0
6/11/2019,Abby,III,01_PBS,1,8,1,1,FALSE,12222,1098333,6.040734,0,0
6/11/2019,Abby,III,01_PBS,1,8,1,1,FALSE,12222,1098333,6.040734,0,0
6/11/2019,Abby,III,01_PBS,1,8,1,1,FALSE,12222,1098333,6.040734,0,0
6/11/2019,Abby,III,01_PBS,1,8,1,1,FALSE,12222,1098333,6.040734,0,0
6/11/2019,Abby,III,01_PBS,1,8,1,1,FALSE,12222,1098333,6.040734,0,0
6/11/2019,Abby,III,01_PBS,1,8,1,1,FALSE,12222,1098333,6.040734,0,0
6/11/2019,Abby,III,01_PBS,1,9,1,1,FALSE,12222,1098333,6.040734,0,0
6/11/2019,Abby,III,01_PBS,1,9,1,1,FALSE,12222,1098333,6.040734,0,0
6/11/2019,Abby,III,01_PBS,1,9,1,1,FALSE,12222,1098333,6.040734,0,0
6/11/2019,Abby,III,01_PBS,1,9,1,1,FALSE,12222,1098333,6.040734,0,0
6/11/2019,Abby,III,01_PBS,1,9,1,1,FALSE,12222,1098333,6.040734,0,0
6/11/2019,Abby,III,01_PBS,1,9,1,1,FALSE,12222,1098333,6.040734,0,0
6/11/2019,Abby,III,01_PBS,1,9,1,1,FALSE,12222,1098333,6.040734,0,0
6/11/2019,Abby,III,01_PBS,1,9,1,1,FALSE,12222,1098333,6.040734,0,0
6/11/2019,Abby,III,02_Ef,0.01,13,2,1,FALSE,264,1121.2,3.049683,1,0
6/11/2019,Abby,III,02_Ef,0.01,13,4,1,TRUE,264,1121.2,3.049683,1,1
6/11/2019,Abby,III,02_Ef,0.01,13,4,1,TRUE,264,1121.2,3.049683,1,1
6/11/2019,Abby,III,02_Ef,0.01,13,4,1,TRUE,264,1121.2,3.049683,1,1
6/11/2019,Abby,III,02_Ef,0.01,13,6,1,TRUE,264,1121.2,3.049683,1,1
6/11/2019,Abby,III,02_Ef,0.01,14,2,1,FALSE,264,1121.2,3.049683,1,0
6/11/2019,Abby,III,02_Ef,0.01,14,2,1,FALSE,264,1121.2,3.049683,1,0
6/11/2019,Abby,III,02_Ef,0.01,14,3,1,FALSE,264,1121.2,3.049683,1,0
6/11/2019,Abby,III,02_Ef,0.01,14,7,1,TRUE,264,1121.2,3.049683,1,1
6/11/2019,Abby,III,02_Ef,0.01,14,7,1,TRUE,264,1121.2,3.049683,1,1
6/11/2019,Abby,III,02_Ef,0.01,14,7,1,TRUE,264,1121.2,3.049683,1,1
6/11/2019,Abby,III,02_Ef,0.01,15,2,1,FALSE,264,1121.2,3.049683,1,0
6/11/2019,Abby,III,02_Ef,0.01,15,2,1,FALSE,264,1121.2,3.049683,1,0
6/11/2019,Abby,III,02_Ef,0.01,15,3,1,FALSE,264,1121.2,3.049683,1,0
6/11/2019,Abby,III,02_Ef,0.01,15,4,1,TRUE,264,1121.2,3.049683,1,1
6/11/2019,Abby,III,02_Ef,0.01,15,5,1,TRUE,264,1121.2,3.049683,1,1
6/11/2019,Abby,III,02_Ef,0.1,16,1,1,FALSE,2700,1903.2,3.279484,1,0
6/11/2019,Abby,III,02_Ef,0.1,16,1,1,FALSE,2700,1903.2,3.279484,1,0
6/11/2019,Abby,III,02_Ef,0.1,16,2,1,FALSE,2700,1903.2,3.279484,1,0
6/11/2019,Abby,III,02_Ef,0.1,16,3,1,FALSE,2700,1903.2,3.279484,1,0
6/11/2019,Abby,III,02_Ef,0.1,16,6,1,TRUE,2700,1903.2,3.279484,1,1
6/11/2019,Abby,III,02_Ef,0.1,16,7,0,TRUE,2700,1903.2,3.279484,1,1
6/11/2019,Abby,III,02_Ef,0.1,17,1,1,FALSE,2700,1903.2,3.279484,1,0
6/11/2019,Abby,III,02_Ef,0.1,17,2,1,FALSE,2700,1903.2,3.279484,1,0
6/11/2019,Abby,III,02_Ef,0.1,17,2,1,FALSE,2700,1903.2,3.279484,1,0
6/11/2019,Abby,III,02_Ef,0.1,17,2,1,FALSE,2700,1903.2,3.279484,1,0
6/11/2019,Abby,III,02_Ef,0.1,18,1,1,FALSE,2700,1903.2,3.279484,1,0
6/11/2019,Abby,III,02_Ef,0.1,18,2,1,FALSE,2700,1903.2,3.279484,1,0
6/11/2019,Abby,III,02_Ef,0.1,18,3,1,FALSE,2700,1903.2,3.279484,1,0
6/11/2019,Abby,III,02_Ef,0.1,18,4,1,TRUE,2700,1903.2,3.279484,1,1
6/11/2019,Abby,III,02_Ef,0.1,18,4,1,TRUE,2700,1903.2,3.279484,1,1
6/11/2019,Abby,III,02_Ef,0.1,18,4,1,TRUE,2700,1903.2,3.279484,1,1
6/11/2019,Abby,III,02_Ef,1,19,1,1,FALSE,11666,137900,5.139564,1,0
6/11/2019,Abby,III,02_Ef,1,19,1,1,FALSE,11666,137900,5.139564,1,0
6/11/2019,Abby,III,02_Ef,1,19,1,1,FALSE,11666,137900,5.139564,1,0
6/11/2019,Abby,III,02_Ef,1,19,1,1,FALSE,11666,137900,5.139564,1,0
6/11/2019,Abby,III,02_Ef,1,19,1,1,FALSE,11666,137900,5.139564,1,0
6/11/2019,Abby,III,02_Ef,1,19,1,1,FALSE,11666,137900,5.139564,1,0
6/11/2019,Abby,III,02_Ef,1,19,2,1,FALSE,11666,137900,5.139564,1,0
6/11/2019,Abby,III,02_Ef,1,20,1,1,FALSE,11666,137900,5.139564,1,0
6/11/2019,Abby,III,02_Ef,1,20,1,1,FALSE,11666,137900,5.139564,1,0
6/11/2019,Abby,III,02_Ef,1,20,1,1,FALSE,11666,137900,5.139564,1,0
6/11/2019,Abby,III,02_Ef,1,20,1,1,FALSE,11666,137900,5.139564,1,0
6/11/2019,Abby,III,02_Ef,1,20,2,1,FALSE,11666,137900,5.139564,1,0
6/11/2019,Abby,III,02_Ef,1,21,1,1,FALSE,11666,137900,5.139564,1,0
6/11/2019,Abby,III,02_Ef,1,21,1,1,FALSE,11666,137900,5.139564,1,0
6/11/2019,Abby,III,02_Ef,1,21,1,1,FALSE,11666,137900,5.139564,1,0
6/11/2019,Abby,III,02_Ef,1,21,2,1,FALSE,11666,137900,5.139564,1,0
6/11/2019,Abby,III,02_Ef,1,21,2,1,FALSE,11666,137900,5.139564,1,0
7/1/2019,Abby,IV,01_PBS,0.01,4,1,1,FALSE,252,16725.83,4.223388,0,0
7/1/2019,Abby,IV,01_PBS,0.01,4,2,1,FALSE,252,16725.83,4.223388,0,0
7/1/2019,Abby,IV,01_PBS,0.01,4,2,1,FALSE,252,16725.83,4.223388,0,0
7/1/2019,Abby,IV,01_PBS,0.01,4,2,1,FALSE,252,16725.83,4.223388,0,0
7/1/2019,Abby,IV,01_PBS,0.01,4,3,1,FALSE,252,16725.83,4.223388,0,0
7/1/2019,Abby,IV,01_PBS,0.01,4,7,0,TRUE,252,16725.83,4.223388,0,1
7/1/2019,Abby,IV,01_PBS,0.01,4,7,0,TRUE,252,16725.83,4.223388,0,1
7/1/2019,Abby,IV,01_PBS,0.01,4,7,0,TRUE,252,16725.83,4.223388,0,1
7/1/2019,Abby,IV,01_PBS,0.01,5,1,1,FALSE,252,16725.83,4.223388,0,0
7/1/2019,Abby,IV,01_PBS,0.01,5,2,1,FALSE,252,16725.83,4.223388,0,0
7/1/2019,Abby,IV,01_PBS,0.01,5,2,1,FALSE,252,16725.83,4.223388,0,0
7/1/2019,Abby,IV,01_PBS,0.01,5,2,1,FALSE,252,16725.83,4.223388,0,0
7/1/2019,Abby,IV,01_PBS,0.01,5,4,1,TRUE,252,16725.83,4.223388,0,1
7/1/2019,Abby,IV,01_PBS,0.01,5,7,0,TRUE,252,16725.83,4.223388,0,1
7/1/2019,Abby,IV,01_PBS,0.01,5,7,0,TRUE,252,16725.83,4.223388,0,1
7/1/2019,Abby,IV,01_PBS,0.01,5,7,0,TRUE,252,16725.83,4.223388,0,1
7/1/2019,Abby,IV,01_PBS,0.01,6,1,1,FALSE,252,16725.83,4.223388,0,0
7/1/2019,Abby,IV,01_PBS,0.01,6,1,1,FALSE,252,16725.83,4.223388,0,0
7/1/2019,Abby,IV,01_PBS,0.01,6,1,1,FALSE,252,16725.83,4.223388,0,0
7/1/2019,Abby,IV,01_PBS,0.01,6,1,1,FALSE,252,16725.83,4.223388,0,0
7/1/2019,Abby,IV,01_PBS,0.01,6,2,1,FALSE,252,16725.83,4.223388,0,0
7/1/2019,Abby,IV,01_PBS,0.01,6,2,1,FALSE,252,16725.83,4.223388,0,0
7/1/2019,Abby,IV,01_PBS,0.01,6,3,1,FALSE,252,16725.83,4.223388,0,0
7/1/2019,Abby,IV,01_PBS,0.1,7,1,1,FALSE,3138,559000,5.747412,0,0
7/1/2019,Abby,IV,01_PBS,0.1,7,1,1,FALSE,3138,559000,5.747412,0,0
7/1/2019,Abby,IV,01_PBS,0.1,7,2,1,FALSE,3138,559000,5.747412,0,0
7/1/2019,Abby,IV,01_PBS,0.1,7,2,1,FALSE,3138,559000,5.747412,0,0
7/1/2019,Abby,IV,01_PBS,0.1,7,3,1,FALSE,3138,559000,5.747412,0,0
7/1/2019,Abby,IV,01_PBS,0.1,7,4,1,TRUE,3138,559000,5.747412,0,1
7/1/2019,Abby,IV,01_PBS,0.1,7,7,0,TRUE,3138,559000,5.747412,0,1
7/1/2019,Abby,IV,01_PBS,0.1,7,7,0,TRUE,3138,559000,5.747412,0,1
7/1/2019,Abby,IV,01_PBS,0.1,8,1,1,FALSE,3138,559000,5.747412,0,0
7/1/2019,Abby,IV,01_PBS,0.1,8,1,1,FALSE,3138,559000,5.747412,0,0
7/1/2019,Abby,IV,01_PBS,0.1,8,2,1,FALSE,3138,559000,5.747412,0,0
7/1/2019,Abby,IV,01_PBS,0.1,8,2,1,FALSE,3138,559000,5.747412,0,0
7/1/2019,Abby,IV,01_PBS,0.1,8,2,1,FALSE,3138,559000,5.747412,0,0
7/1/2019,Abby,IV,01_PBS,0.1,8,2,1,FALSE,3138,559000,5.747412,0,0
7/1/2019,Abby,IV,01_PBS,0.1,8,3,1,FALSE,3138,559000,5.747412,0,0
7/1/2019,Abby,IV,01_PBS,0.1,8,3,1,FALSE,3138,559000,5.747412,0,0
7/1/2019,Abby,IV,01_PBS,0.1,9,1,1,FALSE,3138,559000,5.747412,0,0
7/1/2019,Abby,IV,01_PBS,0.1,9,1,1,FALSE,3138,559000,5.747412,0,0
7/1/2019,Abby,IV,01_PBS,0.1,9,2,1,FALSE,3138,559000,5.747412,0,0
7/1/2019,Abby,IV,01_PBS,0.1,9,2,1,FALSE,3138,559000,5.747412,0,0
7/1/2019,Abby,IV,01_PBS,0.1,9,2,1,FALSE,3138,559000,5.747412,0,0
7/1/2019,Abby,IV,01_PBS,0.1,9,7,0,TRUE,3138,559000,5.747412,0,1
7/1/2019,Abby,IV,01_PBS,0.1,9,7,0,TRUE,3138,559000,5.747412,0,1
7/1/2019,Abby,IV,01_PBS,0.1,9,7,0,TRUE,3138,559000,5.747412,0,1
7/1/2019,Abby,IV,01_PBS,1,10,1,1,FALSE,11481,5501667,6.740494,0,0
7/1/2019,Abby,IV,01_PBS,1,10,1,1,FALSE,11481,5501667,6.740494,0,0
7/1/2019,Abby,IV,01_PBS,1,10,1,1,FALSE,11481,5501667,6.740494,0,0
7/1/2019,Abby,IV,01_PBS,1,10,1,1,FALSE,11481,5501667,6.740494,0,0
7/1/2019,Abby,IV,01_PBS,1,10,1,1,FALSE,11481,5501667,6.740494,0,0
7/1/2019,Abby,IV,01_PBS,1,10,1,1,FALSE,11481,5501667,6.740494,0,0
7/1/2019,Abby,IV,01_PBS,1,10,1,1,FALSE,11481,5501667,6.740494,0,0
7/1/2019,Abby,IV,01_PBS,1,10,7,0,TRUE,11481,5501667,6.740494,0,1
7/1/2019,Abby,IV,01_PBS,1,11,1,1,FALSE,11481,5501667,6.740494,0,0
7/1/2019,Abby,IV,01_PBS,1,11,1,1,FALSE,11481,5501667,6.740494,0,0
7/1/2019,Abby,IV,01_PBS,1,11,1,1,FALSE,11481,5501667,6.740494,0,0
7/1/2019,Abby,IV,01_PBS,1,11,1,1,FALSE,11481,5501667,6.740494,0,0
7/1/2019,Abby,IV,01_PBS,1,11,1,1,FALSE,11481,5501667,6.740494,0,0
7/1/2019,Abby,IV,01_PBS,1,11,1,1,FALSE,11481,5501667,6.740494,0,0
7/1/2019,Abby,IV,01_PBS,1,11,1,1,FALSE,11481,5501667,6.740494,0,0
7/1/2019,Abby,IV,01_PBS,1,12,1,1,FALSE,11481,5501667,6.740494,0,0
7/1/2019,Abby,IV,01_PBS,1,12,1,1,FALSE,11481,5501667,6.740494,0,0
7/1/2019,Abby,IV,01_PBS,1,12,1,1,FALSE,11481,5501667,6.740494,0,0
7/1/2019,Abby,IV,01_PBS,1,12,1,1,FALSE,11481,5501667,6.740494,0,0
7/1/2019,Abby,IV,01_PBS,1,12,1,1,FALSE,11481,5501667,6.740494,0,0
7/1/2019,Abby,IV,01_PBS,1,12,2,1,FALSE,11481,5501667,6.740494,0,0
7/1/2019,Abby,IV,01_PBS,1,12,2,1,FALSE,11481,5501667,6.740494,0,0
7/1/2019,Abby,IV,01_PBS,1,12,5,1,TRUE,11481,5501667,6.740494,0,1
7/1/2019,Abby,IV,02_Ef,0.01,16,1,1,FALSE,208,15027.25,4.17688,1,0
7/1/2019,Abby,IV,02_Ef,0.01,16,2,1,FALSE,208,15027.25,4.17688,1,0
7/1/2019,Abby,IV,02_Ef,0.01,16,2,1,FALSE,208,15027.25,4.17688,1,0
7/1/2019,Abby,IV,02_Ef,0.01,16,7,0,TRUE,208,15027.25,4.17688,1,1
7/1/2019,Abby,IV,02_Ef,0.01,16,7,0,TRUE,208,15027.25,4.17688,1,1
7/1/2019,Abby,IV,02_Ef,0.01,17,2,1,FALSE,208,15027.25,4.17688,1,0
7/1/2019,Abby,IV,02_Ef,0.01,17,2,1,FALSE,208,15027.25,4.17688,1,0
7/1/2019,Abby,IV,02_Ef,0.01,17,6,1,TRUE,208,15027.25,4.17688,1,1
7/1/2019,Abby,IV,02_Ef,0.01,17,7,0,TRUE,208,15027.25,4.17688,1,1
7/1/2019,Abby,IV,02_Ef,0.01,18,1,1,FALSE,208,15027.25,4.17688,1,0
7/1/2019,Abby,IV,02_Ef,0.01,18,2,1,FALSE,208,15027.25,4.17688,1,0
7/1/2019,Abby,IV,02_Ef,0.01,18,2,1,FALSE,208,15027.25,4.17688,1,0
7/1/2019,Abby,IV,02_Ef,0.01,18,3,1,FALSE,208,15027.25,4.17688,1,0
7/1/2019,Abby,IV,02_Ef,0.01,18,5,1,TRUE,208,15027.25,4.17688,1,1
7/1/2019,Abby,IV,02_Ef,0.1,19,7,1,TRUE,2537,659250,5.81905,1,1
7/1/2019,Abby,IV,02_Ef,0.1,19,7,0,TRUE,2537,659250,5.81905,1,1
7/1/2019,Abby,IV,02_Ef,0.1,19,7,0,TRUE,2537,659250,5.81905,1,1
7/1/2019,Abby,IV,02_Ef,0.1,19,7,0,TRUE,2537,659250,5.81905,1,1
7/1/2019,Abby,IV,02_Ef,0.1,19,7,0,TRUE,2537,659250,5.81905,1,1
7/1/2019,Abby,IV,02_Ef,0.1,19,7,0,TRUE,2537,659250,5.81905,1,1
7/1/2019,Abby,IV,02_Ef,0.1,19,7,0,TRUE,2537,659250,5.81905,1,1
7/1/2019,Abby,IV,02_Ef,0.1,19,7,0,TRUE,2537,659250,5.81905,1,1
7/1/2019,Abby,IV,02_Ef,0.1,20,1,1,FALSE,2537,659250,5.81905,1,0
7/1/2019,Abby,IV,02_Ef,0.1,20,1,1,FALSE,2537,659250,5.81905,1,0
7/1/2019,Abby,IV,02_Ef,0.1,20,4,1,TRUE,2537,659250,5.81905,1,1
7/1/2019,Abby,IV,02_Ef,0.1,20,4,1,TRUE,2537,659250,5.81905,1,1
7/1/2019,Abby,IV,02_Ef,0.1,20,5,1,TRUE,2537,659250,5.81905,1,1
7/1/2019,Abby,IV,02_Ef,0.1,20,7,0,TRUE,2537,659250,5.81905,1,1
7/1/2019,Abby,IV,02_Ef,0.1,21,2,1,FALSE,2537,659250,5.81905,1,0
7/1/2019,Abby,IV,02_Ef,0.1,21,6,1,TRUE,2537,659250,5.81905,1,1
7/1/2019,Abby,IV,02_Ef,0.1,21,7,0,TRUE,2537,659250,5.81905,1,1
7/1/2019,Abby,IV,02_Ef,1,22,1,1,FALSE,11021,4810000,6.682145,1,0
7/1/2019,Abby,IV,02_Ef,1,22,1,1,FALSE,11021,4810000,6.682145,1,0
7/1/2019,Abby,IV,02_Ef,1,22,1,1,FALSE,11021,4810000,6.682145,1,0
7/1/2019,Abby,IV,02_Ef,1,22,1,1,FALSE,11021,4810000,6.682145,1,0
7/1/2019,Abby,IV,02_Ef,1,22,2,1,FALSE,11021,4810000,6.682145,1,0
7/1/2019,Abby,IV,02_Ef,1,22,2,1,FALSE,11021,4810000,6.682145,1,0
7/1/2019,Abby,IV,02_Ef,1,22,7,0,TRUE,11021,4810000,6.682145,1,1
7/1/2019,Abby,IV,02_Ef,1,22,7,0,TRUE,11021,4810000,6.682145,1,1
7/1/2019,Abby,IV,02_Ef,1,23,1,1,FALSE,11021,4810000,6.682145,1,0
7/1/2019,Abby,IV,02_Ef,1,23,1,1,FALSE,11021,4810000,6.682145,1,0
7/1/2019,Abby,IV,02_Ef,1,23,1,1,FALSE,11021,4810000,6.682145,1,0
7/1/2019,Abby,IV,02_Ef,1,23,1,1,FALSE,11021,4810000,6.682145,1,0
7/1/2019,Abby,IV,02_Ef,1,23,1,1,FALSE,11021,4810000,6.682145,1,0
7/1/2019,Abby,IV,02_Ef,1,23,7,0,TRUE,11021,4810000,6.682145,1,1
